applicant no.,gre,sop,cgpa
1,314,1,9.2
2,278,1,5.5
3,307,2,7.2
4,271,2,6.8
5,326,1,9.4
6,336,2,5.8
7,322,2,7.9
8,280,5,9.4
9,331,2,6.0
10,331,5,6.0
11,282,4,8.0
12,271,4,7.3
13,261,1,9.7
14,286,1,6.4
15,336,3,9.5
16,268,4,9.2
17,313,5,8.4
18,333,3,5.2
19,310,4,7.8
20,291,5,7.5
21,297,1,9.1
22,297,3,9.0
23,296,1,6.0
24,275,1,6.3
25,301,3,7.7
26,284,3,6.7
27,286,3,6.6
28,286,1,6.0
29,265,1,9.8
30,267,1,9.4
31,300,3,9.2
32,268,5,9.2
33,280,3,9.2
34,269,5,7.6
35,267,4,6.0
36,337,2,9.7
37,286,4,10.0
38,269,3,7.3
39,270,4,5.5
40,305,5,9.8
41,303,2,9.8
42,325,3,5.7
43,304,1,9.5
44,326,1,6.4
45,316,3,8.3
46,261,4,9.6
47,323,4,8.4
48,280,3,8.5
49,334,1,6.0
50,333,5,7.6
51,316,2,9.4
52,310,2,7.9
53,296,1,9.8
54,264,2,8.4
55,326,3,5.8
56,268,1,7.8
57,310,1,7.0
58,266,2,9.2
59,274,1,8.4
60,328,3,7.7
61,295,2,6.4
62,306,5,5.8
63,288,2,8.1
64,323,2,6.9
65,324,5,8.6
66,337,5,7.1
67,313,1,8.3
68,329,4,7.8
69,296,2,9.1
70,325,2,9.7
71,339,1,6.3
72,288,5,5.1
73,332,2,6.1
74,332,1,8.4
75,275,5,6.1
76,333,1,5.7
77,322,3,5.1
78,304,3,7.7
79,275,2,9.5
80,294,2,7.4
81,280,4,8.2
82,326,5,8.0
83,334,1,5.0
84,339,1,8.1
85,323,1,9.8
86,270,4,7.3
87,262,1,9.7
88,277,1,7.1
89,328,2,7.3
90,277,2,7.6
91,274,5,6.9
92,283,5,8.8
93,309,5,9.0
94,320,2,9.4
95,309,4,8.8
96,292,5,9.1
97,323,1,7.5
98,299,1,10.0
99,340,3,9.5
100,330,1,9.6
101,297,5,8.1
102,313,1,7.4
103,322,1,5.2
104,273,4,10.0
105,297,1,7.6
106,327,5,8.0
107,308,3,6.7
108,332,3,7.9
109,300,3,7.3
110,292,2,7.9
111,334,2,7.7
112,311,4,8.9
113,266,1,8.5
114,340,3,7.1
115,283,2,9.5
116,288,5,8.2
117,261,5,6.4
118,275,2,5.5
119,270,4,9.4
120,282,1,5.8
121,283,2,7.1
122,320,4,9.5
123,333,1,6.5
124,279,2,8.0
125,272,2,7.2
126,335,3,5.3
127,305,2,7.3
128,269,1,8.9
129,326,5,8.2
130,333,5,6.4
131,300,1,5.6
132,289,2,5.9
133,280,2,6.7
134,319,2,8.0
135,339,2,8.6
136,293,3,6.3
137,266,3,9.1
138,298,2,5.7
139,320,4,7.5
140,304,4,5.2
141,294,2,8.7
142,295,4,9.6
143,332,2,7.3
144,297,4,5.8
145,305,2,6.1
146,337,5,6.6
147,338,3,7.9
148,279,4,6.0
149,284,1,6.1
150,304,4,7.9
151,284,5,8.2
152,313,1,5.4
153,267,4,8.8
154,266,2,5.3
155,327,1,7.7
156,317,5,9.2
157,272,1,5.0
158,316,1,7.3
159,268,3,5.4
160,268,3,7.7
161,296,3,9.2
162,305,3,7.8
163,265,1,7.9
164,314,2,5.3
165,302,1,5.3
166,327,2,7.5
167,331,2,8.4
168,314,2,6.4
169,333,1,7.2
170,287,5,6.8
171,273,5,5.8
172,338,2,7.6
173,267,3,5.4
174,309,4,7.4
175,300,5,8.7
176,293,3,8.0
177,291,1,8.0
178,283,4,7.3
179,282,1,7.6
180,330,1,9.7
181,316,3,6.0
182,334,4,6.5
183,325,2,7.1
184,293,5,9.1
185,271,2,9.0
186,295,2,7.5
187,323,4,8.6
188,301,1,9.5
189,296,1,9.5
190,299,2,5.6
191,271,5,8.6
192,299,3,6.4
193,337,2,6.9
194,329,3,7.6
195,311,5,5.6
196,298,4,7.8
197,336,3,7.7
198,305,4,8.7
199,282,3,6.5
200,324,4,7.7
201,328,3,5.2
202,285,3,6.3
203,269,2,9.8
204,322,4,9.4
205,329,1,8.9
206,331,3,10.0
207,271,2,6.5
208,324,4,5.9
209,327,1,7.1
210,337,2,9.9
211,335,1,8.6
212,268,1,7.9
213,290,1,8.5
214,261,2,6.7
215,285,5,7.7
216,340,1,8.0
217,260,5,9.2
218,305,3,8.8
219,291,2,6.8
220,321,3,6.2
221,330,3,10.0
222,262,2,7.1
223,267,2,6.8
224,311,5,9.7
225,317,1,9.6
226,334,2,9.6
227,269,5,9.3
228,340,1,7.6
229,269,3,5.5
230,260,2,7.9
231,263,4,9.6
232,288,5,7.8
233,296,3,5.7
234,315,3,5.3
235,260,5,9.8
236,334,3,5.6
237,305,1,5.1
238,270,3,9.2
239,296,4,8.9
240,278,5,7.2
241,266,5,9.5
242,282,3,9.3
243,267,4,8.7
244,317,3,5.1
245,324,5,5.8
246,336,4,5.1
247,261,4,5.3
248,314,1,7.7
249,293,4,7.3
250,332,2,7.9
251,281,3,9.6
252,268,2,5.9
253,280,4,7.9
254,326,5,8.5
255,325,1,5.3
256,260,4,6.9
257,302,4,6.1
258,290,5,9.6
259,270,1,6.0
260,317,5,8.9
261,309,2,6.6
262,318,4,6.6
263,265,3,5.3
264,308,1,6.8
265,334,5,8.1
266,329,1,7.5
267,263,1,5.5
268,340,2,7.6
269,328,4,9.4
270,304,4,6.1
271,270,2,7.3
272,283,2,9.2
273,327,2,6.1
274,263,2,9.8
275,308,5,8.8
276,296,4,7.4
277,272,5,8.2
278,321,4,6.4
279,266,1,6.0
280,287,5,8.7
281,263,5,7.0
282,331,2,8.3
283,330,4,5.2
284,271,2,9.3
285,293,1,6.1
286,313,4,5.7
287,268,3,6.4
288,311,5,8.9
289,295,1,7.6
290,313,5,5.7
291,337,2,8.8
292,310,1,5.4
293,278,3,6.0
294,300,2,7.3
295,264,1,6.1
296,311,3,8.8
297,302,2,7.9
298,281,5,10.0
299,288,4,7.8
300,274,4,6.0
301,320,2,8.3
302,281,2,8.1
303,292,2,8.6
304,326,2,6.9
305,325,3,7.3
306,303,5,8.2
307,333,2,5.9
308,321,2,8.3
309,279,3,7.5
310,290,5,8.3
311,332,1,5.1
312,263,2,8.0
313,307,1,7.2
314,302,2,5.5
315,331,2,8.5
316,340,2,6.4
317,314,1,6.0
318,288,4,6.3
319,328,5,7.2
320,260,3,5.9
321,320,2,9.3
322,265,5,8.3
323,319,1,8.2
324,301,3,6.1
325,295,1,7.1
326,275,2,7.1
327,331,5,7.9
328,278,5,8.1
329,328,2,5.3
330,263,1,7.6
331,335,5,8.4
332,298,4,5.7
333,330,2,7.1
334,284,3,6.6
335,338,2,8.4
336,275,1,7.3
337,307,2,7.0
338,266,3,6.7
339,314,4,6.4
340,267,4,5.7
341,337,5,5.6
342,287,4,5.4
343,287,3,9.0
344,298,4,5.9
345,276,5,8.0
346,282,3,9.0
347,324,3,7.5
348,312,2,8.3
349,274,2,8.8
350,315,5,7.9
351,293,4,9.0
352,300,2,9.0
353,306,5,9.3
354,296,3,7.9
355,328,4,9.4
356,338,1,9.3
357,310,4,8.4
358,322,5,7.4
359,292,3,7.9
360,326,5,9.1
361,284,5,6.3
362,300,2,5.1
363,320,5,9.7
364,313,1,7.3
365,260,5,7.1
366,261,1,9.5
367,294,3,8.1
368,264,1,8.2
369,290,2,7.3
370,278,4,9.9
371,302,2,9.9
372,294,4,8.5
373,298,4,7.4
374,293,1,5.9
375,338,2,9.2
376,302,5,6.8
377,267,5,7.4
378,269,2,9.1
379,325,4,6.1
380,260,5,6.4
381,298,3,9.3
382,320,5,5.7
383,261,2,6.9
384,296,2,5.0
385,320,1,7.7
386,299,4,9.6
387,315,1,5.7
388,284,4,5.5
389,282,1,9.1
390,283,2,8.8
391,301,4,6.0
392,276,2,8.1
393,316,1,8.3
394,328,3,5.4
395,281,3,9.7
396,306,2,5.4
397,295,2,6.3
398,299,2,8.1
399,326,3,5.8
400,324,2,7.1
401,291,4,5.8
402,320,4,5.8
403,269,4,9.0
404,309,4,7.0
405,284,3,9.1
406,308,5,6.2
407,293,5,9.0
408,292,4,6.0
409,275,3,7.0
410,307,3,6.4
411,334,1,7.8
412,318,2,5.7
413,292,5,6.8
414,284,3,8.7
415,277,4,5.5
416,286,1,9.1
417,265,3,5.6
418,323,3,5.6
419,310,4,9.8
420,308,4,9.1
421,315,5,8.2
422,307,1,5.6
423,335,5,6.9
424,322,2,5.3
425,314,4,6.1
426,276,3,9.8
427,261,1,9.4
428,276,3,5.2
429,278,4,7.1
430,336,3,9.9
431,307,2,8.8
432,292,2,8.7
433,314,3,8.9
434,303,3,6.7
435,266,3,7.1
436,323,4,8.4
437,311,2,5.5
438,327,3,6.6
439,288,2,5.7
440,336,5,9.3
441,304,2,7.6
442,304,5,7.7
443,321,2,6.8
444,307,2,9.2
445,261,5,9.7
446,276,5,6.3
447,263,3,8.8
448,282,2,8.4
449,277,5,9.4
450,333,5,5.4
451,302,3,7.3
452,263,1,5.5
453,309,1,6.5
454,326,2,5.7
455,310,3,9.4
456,307,2,8.3
457,264,5,6.4
458,325,2,8.6
459,299,2,8.0
460,283,4,8.2
461,281,1,7.7
462,316,1,7.1
463,323,3,6.2
464,325,1,7.8
465,300,3,9.2
466,313,5,6.9
467,267,5,8.9
468,309,1,5.6
469,339,5,8.3
470,282,4,9.4
471,330,4,5.9
472,316,1,7.5
473,320,2,7.1
474,282,3,5.2
475,289,1,5.7
476,282,4,7.0
477,333,5,9.5
478,292,1,7.5
479,308,3,7.3
480,329,4,6.7
481,281,1,7.7
482,280,2,6.5
483,325,3,5.6
484,282,3,9.4
485,276,5,6.1
486,278,5,7.2
487,289,2,8.8
488,281,3,5.7
489,298,2,7.6
490,305,4,8.4
491,288,1,9.6
492,307,5,7.3
493,288,3,5.6
494,261,3,6.9
495,266,1,7.1
496,308,5,5.0
497,304,1,8.8
498,271,2,9.1
499,271,4,8.2
500,295,5,9.4
501,260,5,5.1
502,332,5,6.6
503,332,1,6.6
504,311,4,7.9
505,323,4,7.4
506,288,2,8.9
507,261,4,9.2
508,277,5,8.7
509,338,4,6.2
510,296,1,5.4
511,310,4,8.6
512,307,3,7.4
513,319,1,5.0
514,334,5,9.2
515,291,3,7.8
516,335,1,8.4
517,279,4,5.3
518,334,2,8.1
519,306,2,7.9
520,294,4,7.8
521,270,4,9.0
522,260,4,6.7
523,337,2,5.6
524,337,2,8.6
525,307,3,6.3
526,294,3,7.1
527,325,3,8.4
528,267,2,8.6
529,279,2,9.7
530,273,3,6.7
531,339,3,7.2
532,326,2,7.5
533,337,3,6.7
534,294,3,8.7
535,291,2,9.4
536,268,5,5.1
537,270,2,6.9
538,304,3,8.7
539,301,4,8.5
540,328,2,8.5
541,272,3,6.3
542,283,1,5.2
543,307,1,8.6
544,334,1,7.6
545,326,2,6.3
546,308,5,8.8
547,322,2,8.7
548,336,1,6.5
549,264,3,9.4
550,267,1,9.5
551,301,1,8.8
552,294,4,8.0
553,277,4,7.8
554,279,3,6.9
555,280,1,9.3
556,262,3,7.1
557,312,2,9.0
558,289,3,6.1
559,339,2,7.2
560,280,1,5.5
561,330,3,7.2
562,273,5,9.7
563,335,3,8.7
564,264,3,8.8
565,302,1,6.6
566,300,3,6.6
567,293,2,8.4
568,319,3,8.9
569,271,5,7.3
570,289,1,6.0
571,283,5,7.5
572,284,3,9.2
573,299,1,8.1
574,327,3,9.0
575,333,4,8.6
576,333,2,7.5
577,268,5,9.7
578,300,4,7.3
579,315,2,9.0
580,267,3,9.5
581,332,4,8.1
582,323,2,8.1
583,271,1,8.7
584,318,4,9.0
585,305,1,7.0
586,330,5,8.6
587,263,1,10.0
588,323,5,9.5
589,340,1,7.8
590,275,2,9.3
591,307,3,9.9
592,337,4,6.3
593,306,4,9.6
594,302,3,9.5
595,303,1,9.0
596,318,3,9.1
597,288,2,6.9
598,327,3,8.7
599,289,3,5.1
600,326,2,5.3
601,290,3,9.0
602,260,3,5.1
603,293,4,7.1
604,302,4,5.6
605,293,3,8.6
606,280,4,5.7
607,272,1,9.5
608,264,2,7.7
609,280,5,8.6
610,308,1,8.5
611,288,4,6.1
612,266,5,6.2
613,279,2,9.3
614,306,2,5.3
615,265,4,5.7
616,294,2,8.5
617,306,5,6.9
618,268,2,6.6
619,308,2,9.2
620,331,2,9.2
621,294,1,5.2
622,314,1,6.6
623,270,5,7.1
624,315,4,8.8
625,283,2,5.2
626,278,4,6.9
627,333,4,7.2
628,291,1,8.6
629,282,2,6.5
630,331,1,8.0
631,322,4,10.0
632,274,4,6.8
633,333,1,8.1
634,320,5,5.4
635,282,1,5.1
636,296,2,7.7
637,261,5,9.2
638,294,1,8.8
639,281,4,7.0
640,261,4,5.3
641,282,4,7.8
642,285,4,8.9
643,304,5,5.5
644,319,3,9.4
645,270,3,6.6
646,334,4,8.8
647,337,4,8.1
648,273,4,7.5
649,339,2,9.1
650,331,3,5.6
651,320,1,6.9
652,284,2,9.2
653,286,3,8.7
654,274,1,6.4
655,280,4,5.5
656,302,2,7.0
657,279,1,7.2
658,288,4,6.6
659,299,4,9.2
660,335,5,5.7
661,337,3,6.0
662,330,4,5.1
663,313,4,6.7
664,332,3,8.3
665,271,5,8.9
666,331,1,7.2
667,337,2,6.5
668,311,3,8.0
669,322,3,5.4
670,285,5,5.2
671,308,3,6.7
672,289,5,5.7
673,285,4,9.1
674,267,5,7.5
675,261,4,7.7
676,313,5,8.4
677,332,2,9.7
678,299,5,6.1
679,340,5,8.2
680,323,5,9.0
681,327,2,9.3
682,305,3,9.3
683,316,3,6.3
684,318,5,9.2
685,281,3,6.2
686,278,4,8.1
687,264,2,7.2
688,332,3,5.1
689,337,2,5.6
690,287,4,9.5
691,266,4,5.4
692,287,2,8.0
693,321,2,9.1
694,335,4,9.0
695,331,4,9.7
696,323,3,8.1
697,335,3,5.1
698,291,5,5.8
699,325,1,8.5
700,328,3,8.9
701,277,2,8.7
702,304,4,5.5
703,272,2,10.0
704,296,5,9.4
705,340,2,9.7
706,318,4,5.9
707,305,3,6.1
708,265,3,8.2
709,281,1,6.2
710,328,1,6.9
711,319,2,8.0
712,340,2,5.8
713,277,3,7.3
714,315,3,10.0
715,324,3,9.3
716,300,2,5.8
717,302,3,5.6
718,271,1,6.2
719,269,2,8.6
720,305,5,5.3
721,281,2,9.8
722,276,5,5.9
723,281,5,9.0
724,271,3,8.4
725,299,1,7.3
726,323,3,9.7
727,299,5,5.8
728,280,5,8.8
729,277,2,5.7
730,306,4,6.9
731,275,5,9.0
732,273,3,7.8
733,309,3,7.1
734,302,3,8.0
735,280,2,9.8
736,309,1,6.8
737,267,1,9.7
738,274,5,9.2
739,287,5,5.1
740,339,1,9.1
741,272,3,8.0
742,295,2,9.8
743,322,4,8.1
744,302,2,10.0
745,310,4,8.3
746,305,2,8.5
747,283,1,7.6
748,267,3,8.1
749,297,2,8.9
750,322,1,8.9
751,321,3,7.8
752,291,3,9.0
753,284,5,7.1
754,287,3,5.5
755,285,4,5.1
756,261,3,9.0
757,266,2,7.4
758,306,5,6.2
759,286,2,7.3
760,324,4,8.8
761,263,2,7.7
762,304,3,7.1
763,320,5,10.0
764,322,4,9.1
765,329,4,6.7
766,272,4,9.4
767,276,4,7.1
768,279,4,7.8
769,325,1,5.6
770,271,2,9.2
771,339,1,9.5
772,292,5,5.9
773,270,2,9.6
774,304,4,9.9
775,317,5,5.5
776,328,4,7.3
777,316,3,5.4
778,318,2,5.7
779,271,4,5.3
780,321,5,7.0
781,312,2,7.3
782,318,1,8.7
783,301,2,7.9
784,307,5,5.7
785,305,3,5.8
786,281,1,6.7
787,328,3,8.5
788,315,4,9.6
789,326,4,7.4
790,287,1,8.5
791,324,5,6.6
792,301,5,6.7
793,328,1,9.0
794,336,3,5.9
795,275,3,7.9
796,301,5,6.6
797,309,2,5.7
798,281,1,9.9
799,298,1,6.2
800,309,1,6.5
801,266,5,8.2
802,302,1,6.2
803,273,5,5.1
804,285,2,5.2
805,286,5,8.6
806,335,4,6.1
807,317,4,6.9
808,298,3,9.5
809,263,1,8.1
810,310,5,7.0
811,278,5,7.4
812,318,5,7.8
813,299,5,5.1
814,318,2,8.8
815,260,3,9.9
816,283,5,6.6
817,286,5,7.2
818,322,2,5.5
819,273,4,5.5
820,281,5,9.4
821,325,1,9.9
822,331,4,9.0
823,290,3,7.5
824,335,3,9.8
825,292,4,6.6
826,312,2,8.9
827,307,3,7.6
828,309,2,7.6
829,311,4,9.2
830,261,3,7.3
831,278,2,5.6
832,280,2,6.2
833,319,3,6.4
834,293,4,7.5
835,303,1,5.8
836,262,1,9.6
837,321,3,7.6
838,300,3,7.3
839,264,2,8.3
840,299,5,9.7
841,311,5,5.9
842,302,3,7.9
843,298,5,5.6
844,308,1,7.8
845,295,1,6.8
846,265,5,8.1
847,277,2,7.2
848,282,5,5.7
849,339,1,6.5
850,320,4,8.9
851,276,3,7.2
852,280,1,5.4
853,316,4,7.4
854,317,1,7.2
855,298,1,9.8
856,309,1,8.9
857,322,2,5.1
858,265,4,9.9
859,321,3,7.6
860,321,5,7.2
861,326,4,8.6
862,292,3,8.1
863,340,3,9.3
864,324,1,5.8
865,298,4,7.4
866,302,3,6.2
867,261,1,5.4
868,273,1,9.1
869,290,2,7.6
870,301,5,8.0
871,284,5,9.6
872,337,1,6.8
873,307,5,5.9
874,289,5,5.7
875,302,4,6.6
876,334,4,5.5
877,279,2,7.7
878,328,5,9.7
879,328,1,9.7
880,330,1,6.8
881,268,5,5.4
882,293,1,9.1
883,304,2,8.8
884,315,5,6.2
885,340,1,5.6
886,321,2,8.5
887,338,5,9.0
888,319,4,7.3
889,314,3,6.7
890,306,2,7.4
891,296,2,6.7
892,288,1,9.7
893,331,1,6.3
894,329,3,5.0
895,273,2,7.9
896,310,5,8.4
897,327,4,7.7
898,314,1,9.5
899,294,2,9.5
900,267,1,8.8
901,308,4,5.0
902,299,5,5.7
903,303,1,5.6
904,303,3,7.0
905,333,1,7.6
906,296,5,9.5
907,323,4,5.2
908,319,5,6.1
909,288,2,5.6
910,324,4,5.5
911,264,1,5.9
912,303,4,9.8
913,313,4,8.6
914,293,5,6.6
915,313,1,8.7
916,300,3,6.5
917,320,5,9.4
918,293,4,7.5
919,298,1,6.0
920,336,2,6.7
921,336,1,6.8
922,265,2,10.0
923,311,2,5.4
924,289,2,5.1
925,324,2,8.9
926,316,4,6.6
927,301,1,7.1
928,334,4,8.0
929,311,4,9.2
930,284,5,9.2
931,296,1,9.7
932,265,5,6.1
933,334,2,7.8
934,260,5,9.0
935,288,3,9.9
936,310,2,9.1
937,277,2,9.3
938,280,4,7.0
939,321,3,9.3
940,279,4,7.7
941,271,3,10.0
942,273,1,7.3
943,330,2,8.2
944,295,4,8.0
945,319,4,5.4
946,260,1,9.9
947,285,3,9.9
948,313,4,9.5
949,324,1,7.5
950,290,3,6.6
951,292,1,6.3
952,320,1,9.5
953,272,5,9.2
954,327,4,5.1
955,260,2,9.2
956,310,3,6.7
957,296,4,8.4
958,316,3,5.6
959,315,3,5.2
960,339,3,6.6
961,317,1,8.7
962,330,2,8.5
963,285,2,7.7
964,311,1,7.8
965,297,5,6.0
966,292,3,9.0
967,335,5,6.3
968,324,4,7.8
969,293,1,9.0
970,323,5,7.3
971,305,5,9.0
972,317,4,9.2
973,306,1,9.6
974,325,5,7.6
975,261,4,5.5
976,267,5,6.0
977,263,5,5.1
978,305,2,9.6
979,325,1,9.2
980,283,3,7.8
981,302,2,9.6
982,327,4,6.8
983,312,4,9.3
984,303,3,5.8
985,270,1,5.8
986,300,2,8.8
987,275,2,5.5
988,299,4,7.8
989,299,5,5.5
990,288,2,5.2
991,340,3,8.0
992,265,1,5.3
993,315,5,8.0
994,339,1,8.7
995,293,3,8.3
996,287,2,7.9
997,305,5,9.2
998,279,4,9.6
999,285,4,5.6
1000,277,4,5.3
1001,275,5,6.2
1002,316,3,8.8
1003,290,3,6.3
1004,272,5,7.5
1005,319,1,8.3
1006,321,5,7.0
1007,336,3,6.1
1008,305,4,7.3
1009,323,2,9.7
1010,308,4,7.2
1011,294,4,8.0
1012,303,4,8.5
1013,328,1,5.1
1014,315,2,7.9
1015,265,4,7.3
1016,340,3,7.3
1017,265,1,5.2
1018,282,2,6.4
1019,319,1,7.2
1020,322,5,9.3
1021,278,4,8.4
1022,308,5,5.9
1023,305,5,7.1
1024,298,3,6.3
1025,314,5,9.4
1026,330,3,6.1
1027,286,3,9.6
1028,287,4,5.2
1029,285,1,5.3
1030,265,4,5.8
1031,263,3,7.4
1032,304,4,8.6
1033,277,3,9.6
1034,321,1,6.4
1035,272,1,5.1
1036,279,3,7.7
1037,323,5,9.9
1038,280,3,9.4
1039,298,1,6.9
1040,285,1,7.4
1041,294,3,8.7
1042,290,4,7.4
1043,336,5,9.4
1044,267,1,9.0
1045,268,3,5.6
1046,269,4,5.2
1047,282,3,6.6
1048,277,1,8.4
1049,314,5,6.3
1050,326,4,8.9
1051,317,1,5.6
1052,281,2,7.2
1053,279,4,7.5
1054,266,1,7.4
1055,285,3,9.8
1056,308,5,5.7
1057,319,2,7.2
1058,285,2,7.0
1059,293,2,9.2
1060,291,4,8.2
1061,324,2,7.8
1062,297,2,5.4
1063,315,3,5.1
1064,305,2,7.1
1065,303,5,9.1
1066,305,4,8.4
1067,305,2,9.3
1068,277,2,9.0
1069,285,1,5.8
1070,283,5,8.5
1071,310,5,9.4
1072,288,4,9.7
1073,266,1,8.6
1074,286,1,9.6
1075,274,4,7.4
1076,279,2,6.4
1077,313,2,9.9
1078,289,4,6.7
1079,326,2,8.7
1080,280,3,8.9
1081,305,2,9.8
1082,313,3,7.4
1083,286,4,8.3
1084,297,2,8.3
1085,271,3,8.2
1086,284,1,6.0
1087,265,4,8.9
1088,328,2,5.9
1089,281,1,6.9
1090,274,5,8.7
1091,283,4,8.4
1092,286,4,7.4
1093,269,4,6.1
1094,268,2,7.7
1095,340,3,6.7
1096,310,2,5.2
1097,297,5,9.7
1098,330,4,5.8
1099,316,3,8.6
1100,292,4,8.9
1101,303,3,7.0
1102,338,4,5.1
1103,303,1,6.8
1104,330,3,9.7
1105,314,5,9.9
1106,318,2,6.8
1107,339,1,7.7
1108,286,5,8.6
1109,317,5,6.7
1110,275,1,9.6
1111,265,5,5.5
1112,324,3,9.3
1113,325,5,6.2
1114,306,4,5.5
1115,305,4,9.6
1116,294,1,5.5
1117,279,1,9.5
1118,321,4,8.6
1119,325,5,7.3
1120,287,1,9.0
1121,282,4,8.7
1122,273,5,5.5
1123,299,1,5.2
1124,330,5,7.8
1125,291,2,6.2
1126,298,5,8.1
1127,268,3,5.4
1128,277,5,9.8
1129,305,5,8.8
1130,275,3,7.5
1131,280,4,8.7
1132,336,3,6.9
1133,277,3,9.4
1134,319,2,5.2
1135,311,5,8.4
1136,294,2,6.9
1137,326,3,6.1
1138,274,3,8.5
1139,260,5,5.6
1140,269,5,8.8
1141,260,4,9.5
1142,274,4,10.0
1143,265,4,8.4
1144,279,2,8.5
1145,327,5,5.9
1146,338,2,8.5
1147,274,1,5.2
1148,265,5,8.3
1149,330,1,6.3
1150,278,2,8.6
1151,313,2,8.2
1152,298,3,5.4
1153,286,3,9.1
1154,285,1,9.5
1155,322,5,5.8
1156,330,5,9.8
1157,334,1,9.9
1158,273,5,5.9
1159,275,4,7.6
1160,261,3,6.7
1161,295,3,6.3
1162,285,1,6.9
1163,336,2,5.9
1164,266,1,6.7
1165,316,5,7.3
1166,267,2,7.0
1167,316,2,8.1
1168,327,3,8.8
1169,321,4,10.0
1170,313,3,6.8
1171,284,2,6.8
1172,315,3,7.7
1173,299,4,9.6
1174,306,5,7.5
1175,266,1,6.9
1176,318,4,6.2
1177,306,5,9.4
1178,309,4,8.7
1179,287,1,7.5
1180,310,2,5.1
1181,273,5,6.3
1182,317,3,9.3
1183,266,2,7.6
1184,340,5,9.5
1185,289,1,9.9
1186,272,4,5.7
1187,320,5,8.6
1188,302,2,9.6
1189,277,5,8.1
1190,280,5,7.7
1191,340,1,5.7
1192,269,4,5.8
1193,292,2,7.4
1194,283,4,8.4
1195,294,5,8.1
1196,266,2,5.7
1197,276,1,7.2
1198,297,4,7.5
1199,313,2,6.6
1200,340,3,10.0
1201,271,1,8.7
1202,340,1,9.5
1203,261,5,9.2
1204,317,4,7.5
1205,337,4,7.2
1206,320,3,8.8
1207,296,1,6.2
1208,264,2,6.9
1209,339,4,7.4
1210,298,1,9.5
1211,286,1,5.8
1212,271,3,5.8
1213,314,3,7.4
1214,307,3,6.7
1215,311,5,6.6
1216,338,5,7.9
1217,283,5,7.1
1218,283,2,8.5
1219,291,1,6.7
1220,315,2,7.3
1221,312,5,6.9
1222,287,2,8.8
1223,304,1,5.3
1224,322,3,9.6
1225,297,3,5.6
1226,270,3,5.3
1227,326,1,8.4
1228,268,5,7.9
1229,315,3,5.1
1230,290,1,8.8
1231,314,2,7.0
1232,286,5,8.3
1233,286,3,6.0
1234,263,2,5.6
1235,310,2,9.9
1236,314,3,7.5
1237,274,3,8.1
1238,329,3,6.9
1239,309,5,8.6
1240,339,1,8.6
1241,267,1,9.5
1242,329,5,5.5
1243,281,2,5.1
1244,304,2,7.5
1245,266,2,5.3
1246,262,3,6.8
1247,282,5,6.7
1248,261,4,7.3
1249,292,4,7.3
1250,264,5,8.9
1251,299,2,9.4
1252,331,2,7.8
1253,301,4,6.4
1254,312,2,8.2
1255,278,4,9.0
1256,318,2,8.0
1257,272,1,8.5
1258,297,3,8.8
1259,308,4,5.2
1260,283,3,5.5
1261,291,1,6.6
1262,309,4,7.0
1263,268,3,5.5
1264,260,2,6.5
1265,316,1,7.8
1266,269,4,9.1
1267,327,5,9.7
1268,286,4,8.8
1269,313,4,6.7
1270,275,5,7.0
1271,326,2,9.6
1272,278,1,6.8
1273,277,5,8.7
1274,269,2,6.3
1275,263,5,5.9
1276,277,3,8.2
1277,278,5,8.8
1278,332,4,5.9
1279,279,1,5.9
1280,323,4,6.6
1281,318,1,5.5
1282,277,4,7.1
1283,318,2,8.4
1284,337,5,8.6
1285,288,3,5.6
1286,276,5,6.5
1287,283,2,5.0
1288,299,2,7.3
1289,287,2,5.9
1290,311,2,8.4
1291,263,3,8.7
1292,340,1,8.5
1293,308,3,5.2
1294,304,1,9.9
1295,264,3,9.9
1296,278,5,8.3
1297,333,1,9.1
1298,326,3,9.3
1299,305,5,6.0
1300,302,1,6.2
1301,295,4,7.9
1302,274,3,8.9
1303,325,4,9.1
1304,304,4,8.3
1305,308,3,8.2
1306,292,2,5.9
1307,280,1,9.4
1308,306,5,7.2
1309,285,5,8.1
1310,331,5,8.2
1311,260,3,7.1
1312,334,1,5.8
1313,318,2,8.4
1314,298,3,8.8
1315,327,4,8.5
1316,262,5,8.1
1317,308,2,9.0
1318,266,5,5.3
1319,261,3,9.7
1320,314,1,7.3
1321,292,4,8.8
1322,293,2,5.3
1323,328,5,6.1
1324,334,1,5.8
1325,307,5,9.3
1326,288,3,5.9
1327,277,2,9.3
1328,314,5,5.1
1329,316,5,10.0
1330,267,3,9.7
1331,274,1,9.0
1332,325,1,8.6
1333,262,3,5.6
1334,293,3,6.0
1335,324,3,10.0
1336,295,2,8.1
1337,268,3,9.8
1338,296,1,8.8
1339,280,5,9.6
1340,321,3,8.1
1341,338,5,7.8
1342,318,4,8.8
1343,297,4,6.1
1344,281,3,9.4
1345,294,3,7.7
1346,270,4,7.9
1347,307,3,9.9
1348,271,5,6.9
1349,310,2,7.8
1350,312,2,6.7
1351,305,2,6.6
1352,302,3,8.1
1353,315,1,9.3
1354,263,3,6.1
1355,303,2,6.6
1356,260,2,8.3
1357,265,2,5.7
1358,313,1,7.9
1359,303,1,7.2
1360,314,2,8.2
1361,276,1,9.7
1362,332,2,6.2
1363,327,5,8.0
1364,294,3,7.5
1365,289,1,5.6
1366,328,3,8.5
1367,282,2,6.8
1368,316,5,9.1
1369,271,4,9.2
1370,290,5,8.6
1371,282,2,9.4
1372,339,2,5.5
1373,297,2,6.4
1374,323,2,8.0
1375,277,3,7.5
1376,291,3,6.9
1377,304,2,7.8
1378,330,1,6.2
1379,271,2,9.3
1380,331,3,8.5
1381,263,5,9.6
1382,261,1,7.9
1383,284,3,9.1
1384,262,5,9.5
1385,316,2,8.2
1386,322,4,8.3
1387,276,4,9.5
1388,293,4,5.3
1389,332,3,9.7
1390,289,2,7.8
1391,278,2,5.5
1392,275,3,6.8
1393,319,5,6.3
1394,314,4,8.1
1395,311,4,6.1
1396,260,3,6.8
1397,323,2,8.6
1398,304,1,8.2
1399,268,2,6.1
1400,274,5,7.8
1401,298,3,8.4
1402,331,4,9.2
1403,270,1,8.8
1404,293,4,5.9
1405,273,3,5.8
1406,271,5,9.9
1407,319,1,7.1
1408,266,4,8.1
1409,326,1,7.8
1410,337,5,6.4
1411,296,3,6.8
1412,277,1,6.1
1413,293,1,6.3
1414,308,5,8.4
1415,307,2,8.8
1416,282,5,8.7
1417,289,4,8.1
1418,298,1,5.9
1419,312,3,6.9
1420,321,4,5.6
1421,295,4,9.1
1422,316,2,8.2
1423,295,1,8.1
1424,308,5,7.9
1425,298,3,9.5
1426,330,4,9.0
1427,337,4,6.1
1428,317,5,7.3
1429,329,1,9.2
1430,323,3,10.0
1431,318,1,7.1
1432,334,3,5.3
1433,261,5,5.4
1434,318,2,8.0
1435,287,3,5.5
1436,263,4,7.0
1437,269,5,7.8
1438,311,1,5.4
1439,330,3,5.5
1440,262,3,6.4
1441,282,3,5.5
1442,268,2,7.0
1443,312,4,5.1
1444,267,2,8.5
1445,280,1,5.7
1446,302,1,7.9
1447,305,1,6.9
1448,267,3,8.5
1449,324,3,9.4
1450,332,4,8.8
1451,306,1,9.7
1452,319,1,8.8
1453,282,2,5.5
1454,276,1,9.9
1455,339,2,5.5
1456,313,3,9.5
1457,294,1,9.4
1458,310,4,9.5
1459,311,4,9.3
1460,332,4,9.6
1461,311,1,6.6
1462,321,4,9.9
1463,323,4,6.4
1464,307,1,6.7
1465,322,4,6.6
1466,312,4,7.9
1467,335,5,9.8
1468,318,1,6.5
1469,326,5,9.8
1470,271,3,7.5
1471,300,2,8.6
1472,323,1,8.7
1473,301,1,5.7
1474,292,5,6.2
1475,264,5,9.8
1476,319,4,6.0
1477,268,5,5.6
1478,278,3,8.4
1479,279,4,9.8
1480,266,3,6.2
1481,285,3,7.7
1482,262,2,7.9
1483,274,5,5.1
1484,333,4,8.1
1485,286,2,7.4
1486,289,3,7.4
1487,337,4,10.0
1488,331,5,9.5
1489,286,2,8.5
1490,317,3,7.8
1491,325,2,8.3
1492,293,2,6.5
1493,287,3,7.2
1494,284,1,7.6
1495,272,4,6.8
1496,273,5,5.3
1497,310,2,9.3
1498,269,1,8.4
1499,296,4,8.1
1500,280,5,9.0
1501,320,1,7.5
1502,291,2,9.5
1503,315,1,9.7
1504,276,2,10.0
1505,303,3,6.9
1506,338,3,7.3
1507,314,2,6.2
1508,298,1,9.2
1509,329,3,9.2
1510,319,1,6.7
1511,315,4,6.4
1512,325,4,6.0
1513,273,1,5.4
1514,281,2,7.4
1515,339,5,8.6
1516,319,4,8.8
1517,314,2,6.1
1518,332,5,8.0
1519,283,5,7.3
1520,299,1,9.7
1521,334,1,8.6
1522,277,3,8.6
1523,302,1,5.7
1524,299,2,9.3
1525,334,5,6.2
1526,325,4,5.2
1527,260,3,6.1
1528,285,1,5.2
1529,294,4,5.0
1530,326,4,7.8
1531,260,3,9.5
1532,317,1,8.7
1533,314,2,7.6
1534,293,2,9.9
1535,278,3,8.2
1536,313,1,7.1
1537,292,1,9.7
1538,272,3,8.8
1539,295,3,9.4
1540,283,5,9.1
1541,338,3,5.4
1542,269,3,8.9
1543,261,5,5.3
1544,321,2,5.8
1545,295,5,5.8
1546,340,4,8.0
1547,278,2,9.4
1548,262,2,7.4
1549,311,1,8.9
1550,329,1,8.2
1551,332,1,8.5
1552,311,4,5.4
1553,329,2,5.5
1554,291,5,9.8
1555,340,5,9.8
1556,273,2,5.7
1557,264,2,8.7
1558,330,4,5.0
1559,320,2,8.2
1560,322,4,5.3
1561,271,5,9.2
1562,287,3,7.4
1563,281,3,9.6
1564,276,1,5.9
1565,299,4,6.3
1566,332,2,6.1
1567,324,5,6.8
1568,280,2,8.2
1569,293,4,7.1
1570,290,1,7.7
1571,307,3,6.1
1572,318,2,6.4
1573,299,4,8.5
1574,332,3,6.5
1575,264,1,5.6
1576,279,3,10.0
1577,303,3,7.9
1578,293,2,8.5
1579,295,1,9.8
1580,290,2,6.5
1581,327,2,6.2
1582,294,2,9.5
1583,309,3,7.1
1584,302,4,6.7
1585,302,2,9.5
1586,287,1,8.3
1587,267,2,5.1
1588,281,5,6.6
1589,330,1,5.3
1590,294,1,7.8
1591,282,2,6.6
1592,272,4,8.8
1593,334,5,9.6
1594,264,3,6.2
1595,293,1,9.6
1596,264,5,6.1
1597,267,2,5.2
1598,337,5,9.2
1599,315,2,6.5
1600,287,1,9.1
1601,333,1,8.0
1602,309,5,5.1
1603,340,3,5.6
1604,270,1,8.9
1605,323,4,8.4
1606,290,2,9.4
1607,336,5,6.4
1608,285,4,5.6
1609,328,1,8.5
1610,304,4,5.3
1611,320,4,9.1
1612,311,4,7.0
1613,282,3,6.1
1614,260,1,6.2
1615,302,3,6.0
1616,264,4,5.4
1617,274,3,6.1
1618,275,5,5.4
1619,303,3,9.9
1620,321,3,7.2
1621,288,2,7.0
1622,282,3,8.4
1623,339,3,9.3
1624,326,2,6.7
1625,335,1,8.8
1626,339,3,6.6
1627,282,2,5.4
1628,282,3,5.5
1629,288,5,9.0
1630,265,5,9.2
1631,319,1,6.1
1632,285,1,5.1
1633,327,5,5.5
1634,331,4,5.2
1635,305,2,10.0
1636,318,4,5.5
1637,283,5,5.6
1638,305,1,7.1
1639,318,1,8.4
1640,285,5,7.7
1641,278,3,5.5
1642,339,5,9.7
1643,291,2,8.1
1644,321,3,8.7
1645,335,2,8.6
1646,273,4,7.3
1647,270,3,5.3
1648,277,3,8.7
1649,260,2,5.8
1650,331,5,9.3
1651,320,3,10.0
1652,320,2,6.9
1653,329,5,5.2
1654,330,4,6.0
1655,314,1,5.1
1656,276,5,9.0
1657,328,1,6.0
1658,286,4,8.7
1659,290,4,8.8
1660,329,3,8.9
1661,339,2,5.4
1662,288,5,8.9
1663,278,2,8.0
1664,277,1,9.4
1665,280,4,9.3
1666,333,1,8.5
1667,339,4,7.2
1668,299,2,8.6
1669,323,4,7.5
1670,302,1,7.6
1671,334,2,7.6
1672,331,3,9.3
1673,289,2,7.3
1674,321,3,6.2
1675,305,5,5.8
1676,298,3,6.5
1677,295,5,8.7
1678,304,5,7.1
1679,333,1,6.1
1680,323,4,7.0
1681,281,2,6.5
1682,310,4,5.8
1683,278,3,9.3
1684,263,2,7.3
1685,338,3,8.4
1686,280,4,6.1
1687,304,3,7.4
1688,299,3,5.2
1689,273,5,6.3
1690,289,4,5.5
1691,332,5,9.7
1692,316,1,7.0
1693,309,1,9.9
1694,321,3,9.2
1695,265,3,7.6
1696,289,3,6.7
1697,314,4,6.6
1698,261,2,6.5
1699,314,4,9.0
1700,278,4,8.2
1701,283,3,6.5
1702,280,1,5.9
1703,267,4,9.7
1704,336,4,5.1
1705,265,5,9.2
1706,339,5,6.6
1707,266,1,8.9
1708,337,1,7.5
1709,279,3,5.7
1710,273,4,9.7
1711,334,3,5.9
1712,276,4,8.7
1713,263,3,6.0
1714,336,2,5.6
1715,283,2,9.6
1716,315,3,5.3
1717,318,5,6.8
1718,327,1,8.8
1719,299,2,7.0
1720,335,1,8.8
1721,318,4,5.4
1722,307,3,8.9
1723,322,4,7.2
1724,323,3,7.7
1725,273,1,7.8
1726,300,4,9.7
1727,292,3,8.5
1728,326,2,7.3
1729,298,4,6.4
1730,335,3,10.0
1731,337,5,7.6
1732,288,3,9.5
1733,288,3,6.4
1734,317,5,8.6
1735,291,3,9.5
1736,304,1,6.5
1737,319,5,9.4
1738,287,2,9.9
1739,296,4,8.6
1740,310,3,5.2
1741,293,1,5.4
1742,264,5,6.1
1743,307,4,6.4
1744,288,4,9.8
1745,315,2,7.3
1746,321,2,8.9
1747,277,4,8.7
1748,305,5,6.4
1749,261,2,5.6
1750,283,2,9.2
1751,278,3,9.7
1752,289,5,5.2
1753,269,4,9.5
1754,340,2,8.6
1755,297,3,9.0
1756,292,4,6.2
1757,288,1,6.2
1758,290,4,9.4
1759,315,4,9.2
1760,318,4,5.5
1761,277,4,8.8
1762,322,5,8.1
1763,277,2,5.8
1764,322,2,7.9
1765,309,1,6.3
1766,331,4,9.0
1767,297,2,6.9
1768,283,4,8.4
1769,327,2,8.3
1770,296,1,9.1
1771,273,3,7.5
1772,310,3,8.7
1773,301,5,6.0
1774,319,1,6.5
1775,323,2,7.2
1776,322,1,8.4
1777,275,1,8.0
1778,305,4,9.0
1779,306,5,9.1
1780,282,1,7.6
1781,276,2,6.2
1782,269,4,6.2
1783,308,1,6.4
1784,337,4,8.9
1785,281,2,6.1
1786,265,3,6.4
1787,285,3,5.1
1788,275,3,7.8
1789,312,5,9.1
1790,289,4,8.7
1791,277,4,9.6
1792,290,3,8.4
1793,286,2,5.3
1794,285,2,5.6
1795,290,5,8.0
1796,279,1,6.0
1797,311,2,5.6
1798,328,3,8.9
1799,306,5,7.6
1800,280,5,6.2
1801,291,2,9.3
1802,275,5,8.2
1803,322,3,9.5
1804,316,5,6.2
1805,286,4,8.2
1806,280,1,6.2
1807,331,5,6.5
1808,321,3,6.9
1809,308,1,6.4
1810,293,3,9.5
1811,311,3,8.1
1812,300,4,5.4
1813,275,5,9.8
1814,334,2,6.5
1815,335,3,5.9
1816,261,4,8.4
1817,316,5,7.1
1818,337,5,6.8
1819,313,5,6.7
1820,280,5,6.7
1821,331,5,9.2
1822,269,5,9.1
1823,290,1,9.2
1824,322,5,8.2
1825,284,3,5.6
1826,328,5,8.3
1827,284,1,5.7
1828,275,4,5.7
1829,299,3,8.1
1830,306,2,6.0
1831,264,4,8.4
1832,316,4,5.1
1833,280,2,6.0
1834,332,3,5.0
1835,266,1,9.8
1836,290,4,9.1
1837,301,4,7.8
1838,331,1,6.8
1839,299,1,7.9
1840,312,3,5.9
1841,309,3,7.3
1842,266,1,8.3
1843,282,4,9.4
1844,301,1,5.4
1845,269,1,6.0
1846,282,2,5.1
1847,328,5,6.1
1848,311,4,6.9
1849,263,3,6.6
1850,336,2,9.5
1851,282,2,9.1
1852,275,1,8.7
1853,323,4,7.1
1854,266,1,10.0
1855,277,4,5.8
1856,327,2,8.1
1857,287,1,8.8
1858,280,2,6.7
1859,322,1,6.0
1860,271,2,5.2
1861,319,4,6.4
1862,325,5,6.9
1863,285,1,9.0
1864,296,2,5.9
1865,317,5,8.5
1866,322,2,9.9
1867,267,5,6.9
1868,302,4,9.8
1869,314,3,9.2
1870,305,5,7.4
1871,291,5,9.8
1872,290,1,7.4
1873,277,5,8.4
1874,290,4,6.5
1875,316,3,7.0
1876,332,2,9.1
1877,289,3,6.4
1878,289,4,8.4
1879,313,5,8.9
1880,295,5,6.1
1881,266,1,8.8
1882,281,1,7.4
1883,322,3,6.4
1884,286,3,6.0
1885,334,1,9.6
1886,273,4,7.6
1887,339,3,9.5
1888,328,4,6.9
1889,286,4,8.5
1890,293,5,9.8
1891,340,1,8.3
1892,284,5,5.4
1893,334,1,6.2
1894,331,4,9.3
1895,288,1,7.6
1896,329,1,6.8
1897,260,1,7.4
1898,339,4,6.2
1899,336,3,8.2
1900,330,3,5.4
1901,310,4,5.8
1902,334,3,8.7
1903,261,4,5.0
1904,334,3,9.3
1905,317,2,5.1
1906,291,4,6.4
1907,300,4,9.5
1908,295,5,5.4
1909,324,3,6.6
1910,304,2,6.1
1911,272,1,8.4
1912,268,2,7.8
1913,311,3,5.6
1914,278,2,7.2
1915,321,5,7.5
1916,260,2,6.2
1917,329,1,5.9
1918,273,4,8.7
1919,335,5,5.4
1920,274,3,5.9
1921,271,2,6.8
1922,313,5,7.4
1923,318,3,5.5
1924,340,5,9.2
1925,269,3,5.0
1926,268,5,9.2
1927,272,2,7.1
1928,314,1,7.5
1929,295,1,6.4
1930,288,5,6.9
1931,274,4,9.5
1932,303,3,6.0
1933,337,2,8.3
1934,275,3,8.6
1935,283,1,5.3
1936,288,3,7.3
1937,290,2,6.4
1938,311,2,7.3
1939,260,4,7.1
1940,305,4,8.6
1941,330,5,7.0
1942,312,1,8.2
1943,303,2,5.5
1944,270,3,7.1
1945,298,1,7.8
1946,328,2,8.1
1947,315,2,6.9
1948,308,5,9.3
1949,340,1,9.6
1950,276,1,9.6
1951,318,2,6.1
1952,316,2,6.6
1953,279,4,6.5
1954,275,2,9.7
1955,282,3,9.4
1956,266,5,7.7
1957,323,4,6.4
1958,324,1,7.7
1959,285,4,6.0
1960,274,3,9.5
1961,261,1,9.8
1962,309,1,5.2
1963,266,2,7.5
1964,333,3,6.0
1965,300,3,9.3
1966,282,3,6.3
1967,329,5,5.3
1968,306,1,5.7
1969,300,4,6.8
1970,335,2,7.8
1971,310,3,6.2
1972,336,3,8.0
1973,288,5,6.3
1974,270,4,8.2
1975,296,2,6.1
1976,316,3,9.9
1977,317,4,8.7
1978,295,1,8.4
1979,315,3,6.4
1980,276,3,7.3
1981,327,5,9.2
1982,316,4,5.8
1983,330,5,7.5
1984,314,1,7.3
1985,302,4,7.6
1986,303,2,6.7
1987,263,3,8.5
1988,322,3,7.3
1989,266,2,7.9
1990,278,5,5.2
1991,298,2,6.3
1992,317,2,7.6
1993,267,2,7.8
1994,322,5,7.1
1995,295,2,7.7
1996,260,3,8.6
1997,337,2,6.2
1998,314,5,7.9
1999,308,5,6.2
2000,301,1,5.3
2001,267,4,5.8
2002,281,3,6.9
2003,307,5,9.4
2004,268,4,6.7
2005,290,2,6.8
2006,271,4,6.2
2007,328,5,7.5
2008,336,5,8.3
2009,285,2,7.5
2010,314,4,5.7
2011,318,4,9.0
2012,272,1,8.0
2013,322,5,9.3
2014,270,1,8.7
2015,302,1,8.9
2016,286,3,7.8
2017,289,2,5.8
2018,279,5,9.2
2019,324,1,8.9
2020,282,4,8.5
2021,265,3,6.6
2022,282,3,5.5
2023,321,3,5.1
2024,289,4,6.7
2025,336,4,8.0
2026,261,5,9.5
2027,316,2,5.4
2028,329,4,5.7
2029,319,3,6.0
2030,264,1,6.8
2031,273,1,9.1
2032,276,5,8.2
2033,330,5,7.2
2034,283,3,8.1
2035,336,2,7.6
2036,298,5,9.7
2037,264,3,6.3
2038,270,2,8.6
2039,314,5,5.5
2040,264,5,8.7
2041,293,5,5.7
2042,290,4,7.9
2043,263,3,5.4
2044,315,5,5.1
2045,297,4,9.4
2046,326,1,8.7
2047,279,5,5.3
2048,306,4,7.3
2049,326,3,5.1
2050,298,1,7.1
2051,330,5,7.1
2052,290,3,7.3
2053,325,4,7.1
2054,274,2,7.8
2055,269,5,9.4
2056,280,2,5.5
2057,276,2,5.2
2058,337,2,5.8
2059,260,4,9.4
2060,332,2,7.7
2061,330,2,9.2
2062,311,2,5.7
2063,266,1,5.1
2064,307,1,8.1
2065,319,2,6.5
2066,312,5,8.1
2067,277,2,8.2
2068,285,1,9.3
2069,278,1,10.0
2070,328,4,8.5
2071,303,1,7.2
2072,286,3,7.6
2073,280,5,6.2
2074,302,2,8.5
2075,298,5,9.9
2076,302,2,7.7
2077,284,1,6.3
2078,330,3,8.3
2079,321,1,6.5
2080,326,3,8.6
2081,288,1,7.0
2082,336,1,6.1
2083,267,3,7.9
2084,260,2,7.9
2085,307,3,6.9
2086,274,2,6.7
2087,260,5,8.3
2088,326,2,9.8
2089,333,1,5.2
2090,266,1,9.4
2091,270,5,5.3
2092,304,1,8.2
2093,329,4,7.2
2094,277,4,5.2
2095,273,5,6.0
2096,275,1,6.8
2097,272,3,7.7
2098,275,4,9.3
2099,262,3,10.0
2100,317,1,7.6
2101,308,4,7.3
2102,331,2,7.2
2103,284,1,8.1
2104,334,4,5.2
2105,297,4,8.8
2106,318,5,9.7
2107,302,1,6.4
2108,273,1,5.8
2109,334,1,7.9
2110,293,4,5.7
2111,301,5,7.7
2112,326,2,5.4
2113,312,3,6.7
2114,328,5,5.1
2115,269,4,7.9
2116,264,5,8.8
2117,289,5,5.7
2118,261,5,7.8
2119,267,4,8.0
2120,286,1,7.5
2121,339,5,8.4
2122,334,5,6.2
2123,261,5,7.9
2124,309,1,9.3
2125,340,2,6.5
2126,339,3,8.1
2127,322,1,8.2
2128,303,2,8.8
2129,328,5,9.8
2130,326,2,8.0
2131,339,2,6.4
2132,280,2,6.0
2133,302,5,8.9
2134,296,2,8.8
2135,292,3,7.6
2136,293,1,9.7
2137,267,3,9.2
2138,313,3,7.9
2139,282,2,8.6
2140,305,2,7.7
2141,321,1,5.9
2142,299,1,8.6
2143,317,3,8.3
2144,267,5,7.8
2145,320,2,9.5
2146,294,2,7.7
2147,319,2,8.6
2148,319,5,9.9
2149,311,2,6.5
2150,340,1,8.5
2151,288,2,9.9
2152,265,2,7.0
2153,279,3,9.5
2154,277,1,5.2
2155,268,1,6.0
2156,274,4,9.1
2157,294,2,9.5
2158,339,1,7.6
2159,261,1,9.8
2160,260,3,6.9
2161,333,4,7.3
2162,303,5,5.4
2163,298,3,5.6
2164,289,4,5.5
2165,335,1,5.3
2166,277,2,5.6
2167,339,4,6.8
2168,280,3,6.9
2169,316,3,5.7
2170,265,2,5.7
2171,267,3,5.4
2172,298,2,7.3
2173,273,3,9.7
2174,267,2,6.7
2175,308,1,10.0
2176,302,3,8.1
2177,288,1,9.1
2178,266,4,5.6
2179,265,3,8.5
2180,322,3,8.0
2181,289,4,5.3
2182,279,2,5.5
2183,317,1,6.6
2184,268,1,8.7
2185,285,2,7.8
2186,285,4,8.3
2187,285,2,8.0
2188,326,3,6.1
2189,318,1,7.9
2190,332,2,5.1
2191,286,5,5.3
2192,282,5,6.0
2193,305,3,8.3
2194,338,4,9.0
2195,278,5,5.1
2196,325,2,5.1
2197,277,4,6.8
2198,261,3,8.4
2199,282,4,6.1
2200,308,3,8.5
2201,288,1,8.3
2202,281,1,8.2
2203,328,2,10.0
2204,333,4,6.0
2205,324,1,9.4
2206,315,4,8.5
2207,284,5,5.2
2208,329,5,8.5
2209,269,1,8.9
2210,276,5,9.1
2211,290,4,7.4
2212,272,1,9.2
2213,309,1,9.3
2214,267,3,7.3
2215,294,5,9.5
2216,262,1,6.4
2217,302,3,9.8
2218,286,1,9.4
2219,268,3,6.8
2220,271,4,6.0
2221,274,5,8.3
2222,276,3,8.8
2223,264,5,8.5
2224,308,5,6.0
2225,337,1,7.5
2226,306,1,8.3
2227,296,5,9.0
2228,314,1,6.4
2229,303,1,9.7
2230,319,1,9.8
2231,321,4,8.4
2232,312,5,7.6
2233,313,3,5.9
2234,294,1,7.6
2235,261,5,6.5
2236,302,4,8.9
2237,273,1,5.4
2238,339,2,5.8
2239,329,4,7.4
2240,266,3,5.1
2241,300,4,5.8
2242,267,4,6.0
2243,270,2,10.0
2244,315,3,7.6
2245,270,5,8.8
2246,267,5,6.9
2247,333,1,7.1
2248,269,1,7.6
2249,265,1,8.0
2250,295,2,9.8
2251,287,1,9.9
2252,321,4,6.7
2253,294,3,5.3
2254,272,5,9.9
2255,288,4,9.9
2256,335,2,7.6
2257,338,5,8.5
2258,263,2,8.1
2259,303,2,9.8
2260,261,2,8.3
2261,340,5,6.5
2262,339,4,5.4
2263,279,2,5.4
2264,270,3,7.9
2265,282,4,7.9
2266,331,2,6.3
2267,264,3,8.4
2268,260,4,8.6
2269,271,1,9.7
2270,273,4,9.8
2271,305,3,6.4
2272,320,5,9.6
2273,275,2,9.2
2274,315,3,5.1
2275,282,3,7.3
2276,299,3,6.6
2277,285,5,8.9
2278,297,3,7.0
2279,319,2,7.2
2280,331,2,8.2
2281,315,2,5.8
2282,333,1,9.5
2283,334,5,9.7
2284,338,3,7.9
2285,284,1,6.6
2286,298,2,7.6
2287,339,4,5.3
2288,298,3,8.8
2289,300,4,7.9
2290,270,1,7.7
2291,297,5,6.2
2292,264,2,9.2
2293,283,3,9.4
2294,287,2,8.9
2295,302,5,7.8
2296,302,2,8.9
2297,316,3,9.2
2298,274,2,7.4
2299,295,3,7.2
2300,333,2,9.4
2301,307,2,9.4
2302,296,2,6.5
2303,302,5,7.8
2304,290,5,5.4
2305,321,1,9.7
2306,304,1,6.4
2307,310,4,5.3
2308,291,3,5.9
2309,286,3,9.1
2310,314,2,6.6
2311,282,5,8.0
2312,286,5,8.2
2313,294,3,8.9
2314,320,3,8.8
2315,332,5,6.6
2316,297,2,6.6
2317,283,1,8.1
2318,324,3,6.1
2319,261,1,9.9
2320,288,5,8.4
2321,338,5,6.3
2322,270,2,6.4
2323,339,1,5.7
2324,285,3,8.3
2325,325,3,8.1
2326,267,3,8.4
2327,334,3,8.6
2328,324,5,6.0
2329,273,4,8.7
2330,330,2,6.3
2331,339,5,8.3
2332,332,4,7.9
2333,333,4,7.8
2334,314,4,5.1
2335,270,4,8.2
2336,338,4,7.0
2337,338,4,8.3
2338,326,5,8.3
2339,315,1,7.1
2340,284,4,8.6
2341,305,4,9.0
2342,330,5,9.0
2343,284,3,7.4
2344,294,3,6.3
2345,296,1,5.7
2346,326,3,6.5
2347,326,4,9.4
2348,263,4,7.8
2349,329,3,7.1
2350,271,1,8.0
2351,324,1,7.5
2352,273,4,5.4
2353,322,5,9.7
2354,273,3,9.5
2355,283,3,8.9
2356,272,4,6.3
2357,262,3,6.5
2358,307,1,9.7
2359,275,5,5.3
2360,328,5,8.2
2361,304,4,6.1
2362,290,3,9.3
2363,324,1,5.9
2364,322,3,9.8
2365,288,5,8.6
2366,284,5,5.5
2367,270,3,7.7
2368,313,2,5.3
2369,312,4,9.2
2370,321,5,9.7
2371,327,2,7.2
2372,263,5,5.6
2373,298,2,6.6
2374,270,3,9.5
2375,284,3,5.4
2376,335,4,8.1
2377,297,1,6.3
2378,297,2,6.3
2379,322,4,9.8
2380,340,2,8.5
2381,311,2,6.9
2382,301,5,5.5
2383,275,1,8.4
2384,297,5,5.8
2385,270,2,7.7
2386,267,4,7.3
2387,338,1,8.4
2388,285,2,8.4
2389,304,5,9.6
2390,314,5,9.4
2391,283,3,6.8
2392,273,3,6.7
2393,314,2,9.1
2394,281,1,5.2
2395,267,4,9.0
2396,332,2,5.4
2397,263,5,6.8
2398,291,3,5.3
2399,287,5,6.1
2400,338,4,6.0
2401,262,1,7.1
2402,322,3,7.4
2403,299,5,9.4
2404,320,1,7.1
2405,304,3,6.7
2406,291,4,9.3
2407,306,1,8.7
2408,322,5,6.6
2409,312,4,6.3
2410,271,5,6.0
2411,301,2,7.4
2412,266,2,8.0
2413,283,1,9.5
2414,312,2,5.7
2415,328,5,6.1
2416,310,4,6.6
2417,332,4,9.9
2418,317,4,8.5
2419,264,2,7.6
2420,316,1,6.1
2421,286,4,6.2
2422,334,4,7.3
2423,279,5,6.9
2424,322,3,10.0
2425,263,4,7.3
2426,328,1,9.7
2427,336,1,9.1
2428,316,2,7.9
2429,328,5,9.3
2430,308,4,9.6
2431,272,4,9.8
2432,316,2,5.4
2433,280,3,8.1
2434,304,5,8.0
2435,304,1,7.9
2436,273,3,9.5
2437,311,4,7.4
2438,272,2,8.6
2439,266,5,9.6
2440,282,4,7.8
2441,297,5,6.4
2442,273,3,5.9
2443,314,2,8.2
2444,295,3,9.2
2445,268,2,8.5
2446,265,5,5.2
2447,319,2,9.9
2448,304,3,7.1
2449,275,1,7.1
2450,301,3,9.9
2451,277,3,9.0
2452,318,5,9.3
2453,264,2,8.4
2454,312,2,6.6
2455,313,4,9.5
2456,298,3,6.3
2457,311,4,6.7
2458,296,2,7.0
2459,266,1,8.1
2460,287,3,9.4
2461,261,3,9.9
2462,286,2,6.1
2463,269,5,9.9
2464,333,1,7.7
2465,321,5,7.1
2466,303,1,7.7
2467,314,2,9.0
2468,275,2,5.6
2469,272,4,7.1
2470,302,4,7.8
2471,318,4,8.0
2472,299,4,6.4
2473,288,5,5.5
2474,332,3,8.1
2475,281,4,5.2
2476,337,5,6.2
2477,301,1,5.8
2478,260,2,6.7
2479,339,2,9.6
2480,277,1,5.5
2481,273,5,5.4
2482,288,5,8.0
2483,293,2,5.2
2484,303,2,7.7
2485,291,3,6.1
2486,302,2,6.0
2487,325,4,6.3
2488,337,5,6.1
2489,317,2,6.0
2490,314,1,9.3
2491,338,4,7.1
2492,340,3,7.4
2493,304,2,7.4
2494,335,4,9.4
2495,294,5,6.2
2496,265,4,5.1
2497,299,3,6.9
2498,333,4,5.6
2499,296,5,5.1
2500,268,1,8.0
2501,281,3,5.0
2502,296,3,9.2
2503,314,3,8.1
2504,330,1,8.4
2505,289,1,8.2
2506,333,1,6.4
2507,302,1,5.6
2508,290,2,5.7
2509,333,5,5.0
2510,270,1,9.0
2511,340,4,6.3
2512,330,2,6.4
2513,319,5,5.7
2514,263,2,8.2
2515,262,3,5.2
2516,317,2,6.6
2517,262,5,7.2
2518,335,3,7.3
2519,272,1,7.7
2520,321,5,8.9
2521,274,2,6.8
2522,283,1,8.6
2523,269,3,7.4
2524,335,5,7.1
2525,277,2,7.7
2526,265,1,7.8
2527,338,2,5.2
2528,301,3,7.8
2529,337,5,6.9
2530,281,4,8.5
2531,280,2,6.7
2532,325,2,8.5
2533,338,5,7.5
2534,322,3,5.8
2535,265,4,6.4
2536,296,2,9.5
2537,329,1,5.2
2538,271,2,6.3
2539,298,2,7.9
2540,333,3,8.6
2541,317,4,7.4
2542,296,3,7.9
2543,281,3,7.8
2544,332,1,5.8
2545,322,2,9.3
2546,339,5,6.0
2547,327,3,6.4
2548,311,4,8.1
2549,274,2,8.1
2550,280,3,5.7
2551,263,2,6.8
2552,316,4,6.0
2553,280,5,8.5
2554,283,5,5.8
2555,285,1,9.0
2556,274,5,7.4
2557,333,5,9.4
2558,305,1,5.5
2559,338,5,9.2
2560,262,4,7.1
2561,308,3,8.4
2562,271,5,7.3
2563,294,5,9.7
2564,293,2,8.6
2565,320,4,7.8
2566,288,5,8.1
2567,292,4,5.4
2568,324,1,9.3
2569,287,2,5.9
2570,294,3,6.2
2571,294,4,5.8
2572,324,1,8.8
2573,312,5,8.3
2574,319,4,9.8
2575,290,1,7.7
2576,323,2,9.9
2577,340,1,7.3
2578,261,1,9.6
2579,324,3,5.5
2580,278,5,8.1
2581,328,2,6.4
2582,310,1,8.5
2583,331,5,9.0
2584,308,1,7.0
2585,291,4,8.1
2586,333,3,9.3
2587,291,3,8.8
2588,306,5,8.4
2589,267,1,6.1
2590,302,5,6.3
2591,271,3,6.0
2592,267,5,6.0
2593,333,2,8.4
2594,301,5,6.1
2595,321,3,7.0
2596,269,4,5.9
2597,337,4,9.2
2598,285,4,6.7
2599,322,5,6.3
2600,311,3,9.8
2601,270,1,5.3
2602,287,3,7.9
2603,291,4,6.0
2604,324,5,7.9
2605,319,4,7.1
2606,279,2,7.3
2607,323,3,5.6
2608,313,2,8.3
2609,311,2,8.0
2610,319,5,5.3
2611,311,5,6.2
2612,281,4,6.9
2613,292,1,8.1
2614,286,5,8.1
2615,326,1,8.2
2616,301,4,7.2
2617,327,1,8.0
2618,294,2,6.3
2619,316,2,7.1
2620,306,3,8.6
2621,295,5,9.3
2622,338,3,8.9
2623,330,2,9.2
2624,303,4,7.9
2625,277,5,5.1
2626,293,4,6.2
2627,332,2,6.2
2628,311,2,7.6
2629,304,2,6.2
2630,278,5,5.3
2631,287,2,5.7
2632,296,1,5.2
2633,339,1,9.4
2634,332,4,9.0
2635,268,5,8.0
2636,273,2,6.2
2637,301,5,8.0
2638,330,5,7.7
2639,338,5,7.8
2640,319,3,9.0
2641,269,4,9.8
2642,284,4,5.9
2643,302,4,9.8
2644,267,1,7.2
2645,272,5,9.4
2646,276,5,8.2
2647,329,2,5.4
2648,264,3,5.9
2649,340,4,5.1
2650,261,2,5.7
2651,337,2,6.5
2652,272,1,10.0
2653,334,5,7.3
2654,321,3,8.4
2655,338,3,7.2
2656,325,3,6.7
2657,263,5,5.9
2658,272,5,9.2
2659,316,1,7.8
2660,303,5,8.2
2661,307,2,5.4
2662,319,4,5.1
2663,325,3,5.9
2664,271,2,8.5
2665,314,5,5.9
2666,305,3,8.8
2667,336,4,8.3
2668,323,5,5.8
2669,293,4,8.5
2670,336,3,6.2
2671,260,3,6.2
2672,324,1,8.7
2673,292,3,7.3
2674,282,2,6.1
2675,282,2,9.9
2676,295,2,7.7
2677,287,1,8.1
2678,299,5,7.5
2679,291,1,10.0
2680,282,3,9.1
2681,284,1,8.6
2682,275,3,7.4
2683,266,5,8.1
2684,313,3,7.4
2685,328,1,9.3
2686,338,5,5.6
2687,337,5,5.8
2688,278,1,8.3
2689,332,4,7.4
2690,326,2,5.5
2691,290,1,7.7
2692,316,3,7.3
2693,302,1,9.3
2694,295,4,6.5
2695,293,4,10.0
2696,261,4,9.2
2697,315,5,7.5
2698,321,2,10.0
2699,312,3,7.6
2700,319,3,8.8
2701,295,3,7.5
2702,314,2,7.5
2703,269,2,7.5
2704,316,5,6.2
2705,294,5,7.2
2706,299,5,9.7
2707,263,2,6.0
2708,332,5,5.2
2709,322,2,6.6
2710,266,1,7.1
2711,292,5,7.1
2712,308,4,6.8
2713,262,4,7.6
2714,270,2,9.9
2715,336,1,9.4
2716,323,5,9.2
2717,286,2,9.3
2718,328,5,5.1
2719,282,3,8.7
2720,296,4,9.1
2721,330,1,6.0
2722,288,5,6.0
2723,321,1,7.6
2724,318,1,5.1
2725,308,1,5.4
2726,306,1,9.2
2727,283,1,7.7
2728,281,4,9.4
2729,277,3,9.2
2730,333,2,9.4
2731,318,2,7.5
2732,313,5,5.1
2733,315,3,8.3
2734,325,4,9.9
2735,281,3,9.7
2736,272,3,9.4
2737,278,2,7.1
2738,294,1,9.9
2739,288,1,5.4
2740,264,3,7.6
2741,329,1,8.7
2742,313,4,8.6
2743,339,5,8.4
2744,273,5,5.3
2745,338,4,6.3
2746,265,4,9.2
2747,263,3,7.7
2748,272,4,5.9
2749,332,3,8.5
2750,261,1,6.9
2751,324,2,6.8
2752,327,3,5.3
2753,338,2,7.7
2754,295,2,9.9
2755,332,1,7.6
2756,331,5,8.8
2757,337,4,8.4
2758,313,3,6.5
2759,306,4,7.9
2760,270,1,6.9
2761,337,1,9.5
2762,335,3,6.1
2763,336,5,9.3
2764,319,2,8.1
2765,269,3,8.8
2766,318,5,9.5
2767,283,5,5.4
2768,278,1,5.1
2769,299,3,8.1
2770,336,2,6.5
2771,313,5,9.0
2772,305,4,7.1
2773,297,2,6.8
2774,283,1,7.6
2775,318,3,5.9
2776,300,1,6.1
2777,313,1,5.5
2778,295,1,8.4
2779,266,4,6.3
2780,324,2,5.4
2781,310,1,5.3
2782,284,1,5.9
2783,333,1,9.3
2784,262,3,6.2
2785,268,4,7.8
2786,339,1,8.0
2787,264,2,6.7
2788,286,5,9.0
2789,339,5,7.0
2790,306,5,6.8
2791,265,1,7.1
2792,310,4,6.8
2793,328,5,7.8
2794,329,4,9.0
2795,317,4,5.2
2796,307,3,6.9
2797,323,5,6.7
2798,325,1,9.6
2799,268,5,7.5
2800,318,3,9.9
2801,303,5,5.2
2802,285,4,7.0
2803,288,3,5.4
2804,300,3,6.1
2805,297,5,7.1
2806,283,3,6.5
2807,300,1,9.5
2808,322,4,7.4
2809,292,5,8.3
2810,266,5,6.0
2811,324,4,6.5
2812,339,4,6.8
2813,267,1,6.5
2814,340,5,6.7
2815,268,4,5.1
2816,280,2,5.9
2817,322,4,8.3
2818,314,4,9.8
2819,298,3,9.2
2820,297,5,6.6
2821,285,1,5.2
2822,275,5,6.8
2823,285,5,7.2
2824,276,3,7.5
2825,303,1,5.9
2826,309,3,9.7
2827,321,2,7.8
2828,326,2,9.8
2829,325,4,5.6
2830,279,4,7.0
2831,311,3,9.4
2832,303,2,7.8
2833,281,2,5.9
2834,300,2,9.9
2835,268,5,7.1
2836,309,1,9.2
2837,335,2,8.2
2838,273,5,7.3
2839,340,4,7.8
2840,276,5,7.5
2841,337,5,6.7
2842,282,1,9.8
2843,314,4,9.4
2844,314,4,6.8
2845,268,1,8.8
2846,323,2,5.5
2847,333,2,7.8
2848,310,4,8.6
2849,290,3,9.2
2850,280,2,6.2
2851,271,2,5.1
2852,309,1,7.7
2853,270,3,5.8
2854,319,3,7.1
2855,280,4,5.2
2856,286,1,9.1
2857,288,4,8.5
2858,263,4,9.2
2859,287,5,9.9
2860,276,5,9.6
2861,298,1,7.0
2862,309,4,9.8
2863,298,2,9.7
2864,308,1,8.4
2865,328,2,8.0
2866,260,3,5.4
2867,325,2,5.3
2868,290,5,9.7
2869,322,1,6.2
2870,296,5,8.3
2871,285,4,9.9
2872,331,1,10.0
2873,304,4,6.4
2874,329,4,7.2
2875,319,5,8.3
2876,273,4,5.9
2877,325,3,7.0
2878,265,5,7.1
2879,279,4,5.6
2880,287,3,8.0
2881,275,5,8.5
2882,277,3,6.2
2883,301,1,6.6
2884,298,1,6.6
2885,260,3,8.0
2886,277,4,8.8
2887,265,3,7.1
2888,292,1,10.0
2889,291,1,9.5
2890,281,3,8.4
2891,268,3,9.3
2892,326,4,9.1
2893,295,3,6.2
2894,302,2,7.0
2895,300,1,9.9
2896,276,2,5.3
2897,293,3,9.9
2898,265,4,7.4
2899,325,2,6.0
2900,316,5,6.0
2901,305,2,7.7
2902,319,4,9.5
2903,336,1,6.4
2904,276,5,7.7
2905,283,1,8.1
2906,300,2,7.6
2907,298,2,7.9
2908,277,1,10.0
2909,270,3,7.5
2910,311,2,6.8
2911,299,1,6.9
2912,310,2,5.9
2913,313,3,9.1
2914,330,3,5.8
2915,332,3,7.6
2916,323,2,5.7
2917,280,5,8.0
2918,298,4,8.3
2919,299,2,7.8
2920,273,3,6.7
2921,328,4,5.9
2922,269,4,9.7
2923,274,1,8.9
2924,317,5,7.6
2925,318,1,9.2
2926,313,1,6.5
2927,315,5,9.8
2928,281,2,9.7
2929,311,3,10.0
2930,290,3,8.9
2931,297,4,9.4
2932,335,1,9.4
2933,309,4,6.2
2934,330,4,6.7
2935,286,2,6.7
2936,321,5,7.3
2937,325,4,5.1
2938,324,1,8.6
2939,340,4,5.2
2940,271,5,5.5
2941,324,3,9.8
2942,263,5,8.3
2943,335,3,7.5
2944,327,1,9.5
2945,321,2,5.7
2946,309,4,6.1
2947,331,3,8.2
2948,339,4,7.7
2949,322,3,5.1
2950,334,2,5.8
2951,290,5,9.7
2952,287,1,5.4
2953,277,2,9.0
2954,312,1,6.1
2955,331,4,9.2
2956,310,5,7.3
2957,263,5,5.7
2958,322,1,5.6
2959,307,1,9.4
2960,305,1,5.8
2961,339,3,7.2
2962,288,1,7.6
2963,308,5,6.4
2964,299,3,9.6
2965,271,2,9.9
2966,309,1,5.7
2967,329,5,5.9
2968,280,4,8.9
2969,326,3,6.6
2970,279,5,7.3
2971,313,5,8.4
2972,334,2,8.0
2973,319,5,9.4
2974,261,3,7.3
2975,282,2,9.3
2976,273,2,7.3
2977,328,1,10.0
2978,300,5,9.5
2979,268,3,7.1
2980,298,2,9.7
2981,282,1,6.0
2982,289,3,9.3
2983,307,4,8.3
2984,297,2,5.7
2985,306,4,6.6
2986,288,1,8.9
2987,270,4,9.0
2988,324,2,9.0
2989,278,4,9.9
2990,302,1,7.1
2991,310,4,8.5
2992,297,3,6.5
2993,336,4,9.2
2994,260,4,8.5
2995,266,4,7.3
2996,322,2,9.0
2997,315,5,8.4
2998,295,5,8.1
2999,327,3,6.6
3000,277,5,5.2
3001,315,1,6.0
3002,328,4,6.1
3003,301,3,5.4
3004,337,1,8.5
3005,337,3,6.5
3006,279,4,5.6
3007,313,4,8.8
3008,264,4,9.1
3009,324,5,6.6
3010,281,4,9.5
3011,305,3,8.1
3012,297,1,8.6
3013,270,1,9.4
3014,284,1,8.9
3015,340,1,7.8
3016,333,4,5.4
3017,274,4,8.7
3018,326,2,6.2
3019,272,2,7.8
3020,290,1,5.4
3021,270,3,8.8
3022,320,3,6.1
3023,280,5,7.6
3024,282,2,5.4
3025,340,2,9.7
3026,278,4,8.7
3027,262,2,7.1
3028,281,1,5.5
3029,310,1,9.4
3030,308,3,8.6
3031,278,3,6.5
3032,317,2,5.9
3033,280,2,9.6
3034,316,1,5.9
3035,287,3,7.5
3036,272,1,7.1
3037,311,3,7.7
3038,339,2,6.3
3039,324,3,6.0
3040,340,2,8.2
3041,307,3,7.3
3042,293,3,7.1
3043,302,4,9.4
3044,333,5,5.1
3045,286,1,6.7
3046,261,3,6.1
3047,271,5,6.9
3048,340,1,7.1
3049,333,4,7.2
3050,330,2,9.3
3051,297,1,7.9
3052,331,2,9.7
3053,340,5,5.2
3054,302,4,7.8
3055,275,2,6.7
3056,331,3,9.4
3057,306,3,7.1
3058,335,5,8.4
3059,277,3,7.5
3060,292,1,6.4
3061,292,2,7.2
3062,300,2,6.9
3063,322,3,5.4
3064,339,4,9.4
3065,306,2,5.7
3066,325,3,5.9
3067,316,4,6.0
3068,266,1,5.5
3069,276,5,9.1
3070,279,2,6.1
3071,307,4,5.4
3072,260,5,6.7
3073,260,4,7.5
3074,287,4,5.6
3075,288,1,7.7
3076,289,1,9.3
3077,321,1,5.9
3078,324,2,9.4
3079,309,4,8.1
3080,303,5,9.3
3081,335,5,9.0
3082,315,2,6.2
3083,311,5,9.5
3084,291,5,8.4
3085,280,3,8.3
3086,340,2,5.4
3087,291,2,6.2
3088,263,3,9.1
3089,276,1,7.9
3090,274,5,6.7
3091,319,1,6.1
3092,312,1,8.0
3093,319,5,5.9
3094,264,2,6.1
3095,297,4,9.1
3096,304,5,5.6
3097,309,2,8.3
3098,304,4,6.2
3099,297,5,7.8
3100,261,4,6.1
3101,312,1,9.2
3102,272,4,9.0
3103,324,2,8.3
3104,263,1,9.1
3105,299,1,6.1
3106,328,5,7.2
3107,300,1,9.7
3108,299,2,7.8
3109,285,1,8.8
3110,328,3,8.5
3111,267,5,8.0
3112,284,2,6.0
3113,311,5,5.5
3114,275,3,7.8
3115,303,1,6.8
3116,281,4,5.6
3117,313,5,5.2
3118,319,5,9.2
3119,322,4,7.5
3120,330,2,9.4
3121,306,1,7.2
3122,328,2,9.3
3123,289,4,5.1
3124,307,2,5.1
3125,292,5,5.4
3126,264,4,8.4
3127,267,3,9.9
3128,287,3,9.1
3129,314,3,7.5
3130,275,5,9.6
3131,286,5,7.8
3132,322,2,9.3
3133,285,3,9.7
3134,282,4,5.2
3135,321,1,9.4
3136,316,3,6.6
3137,280,3,5.8
3138,324,1,6.7
3139,287,5,7.4
3140,264,2,6.7
3141,277,1,6.6
3142,330,3,7.6
3143,275,1,8.7
3144,336,4,9.7
3145,304,3,6.5
3146,290,5,5.3
3147,336,4,5.1
3148,339,5,6.9
3149,318,4,5.9
3150,293,3,9.7
3151,266,5,6.6
3152,293,5,5.1
3153,277,5,7.5
3154,267,2,9.0
3155,286,1,5.3
3156,318,3,9.2
3157,315,1,6.5
3158,333,3,6.3
3159,284,1,8.7
3160,332,2,7.5
3161,267,2,7.6
3162,306,1,5.3
3163,261,1,9.9
3164,303,1,8.8
3165,316,5,6.8
3166,297,1,10.0
3167,336,3,7.2
3168,287,3,5.6
3169,328,4,8.4
3170,302,1,6.6
3171,314,3,6.4
3172,291,2,5.1
3173,335,1,7.9
3174,305,1,8.0
3175,324,5,6.1
3176,321,1,6.1
3177,334,5,7.3
3178,322,3,8.8
3179,276,2,5.1
3180,295,1,7.3
3181,321,4,9.5
3182,340,2,5.5
3183,333,5,5.6
3184,286,5,9.9
3185,262,5,8.5
3186,309,4,7.8
3187,322,3,8.5
3188,298,1,10.0
3189,307,1,5.7
3190,302,4,5.9
3191,276,5,7.9
3192,286,2,8.2
3193,299,5,9.2
3194,277,4,7.1
3195,305,1,9.2
3196,275,4,5.2
3197,267,4,9.6
3198,311,2,9.5
3199,260,3,5.8
3200,266,2,9.3
3201,300,2,6.7
3202,287,3,6.8
3203,328,4,5.9
3204,288,1,6.7
3205,260,5,5.5
3206,272,1,5.0
3207,296,3,6.9
3208,282,3,7.1
3209,312,1,8.2
3210,327,1,6.3
3211,324,5,9.3
3212,279,1,7.4
3213,326,5,7.8
3214,337,5,5.6
3215,275,2,6.0
3216,264,2,7.0
3217,340,5,6.3
3218,299,5,7.2
3219,333,1,8.6
3220,297,3,9.7
3221,295,1,6.9
3222,298,3,6.5
3223,328,4,9.1
3224,285,4,6.1
3225,296,5,5.7
3226,308,3,8.3
3227,309,3,7.5
3228,329,3,5.8
3229,262,1,5.6
3230,296,5,8.1
3231,276,1,6.1
3232,295,5,7.0
3233,332,4,8.3
3234,309,5,5.1
3235,309,2,6.4
3236,340,4,8.2
3237,263,2,9.2
3238,327,5,7.6
3239,325,4,8.4
3240,331,3,5.8
3241,266,4,6.2
3242,273,2,5.5
3243,328,3,6.0
3244,301,5,5.0
3245,314,1,5.6
3246,304,3,7.8
3247,335,1,5.2
3248,304,3,7.4
3249,287,1,9.6
3250,287,5,8.0
3251,312,2,6.9
3252,275,4,6.2
3253,280,3,7.2
3254,273,2,9.8
3255,334,3,6.3
3256,313,2,6.9
3257,285,1,5.6
3258,282,3,7.7
3259,340,3,9.7
3260,336,5,7.0
3261,302,3,8.1
3262,327,3,7.8
3263,287,2,9.2
3264,268,3,6.4
3265,297,1,6.1
3266,329,4,8.7
3267,327,1,7.4
3268,305,5,9.7
3269,301,2,5.8
3270,287,2,9.9
3271,331,2,6.7
3272,316,4,6.5
3273,316,5,6.6
3274,262,5,6.4
3275,332,5,9.4
3276,329,2,7.1
3277,319,3,6.3
3278,294,3,6.6
3279,273,4,5.5
3280,317,5,7.5
3281,327,4,7.7
3282,288,2,7.7
3283,268,2,9.3
3284,276,1,5.6
3285,262,5,5.0
3286,262,3,5.4
3287,267,2,5.0
3288,277,2,7.2
3289,337,1,8.6
3290,322,5,5.9
3291,280,3,9.9
3292,324,3,7.6
3293,326,1,5.7
3294,308,5,8.6
3295,333,3,5.6
3296,313,1,9.0
3297,323,2,7.4
3298,271,5,5.9
3299,304,4,8.6
3300,279,4,7.5
3301,291,2,9.4
3302,328,2,8.3
3303,296,4,5.2
3304,301,1,6.1
3305,284,2,7.4
3306,323,4,5.5
3307,298,5,7.3
3308,308,4,6.2
3309,269,4,9.3
3310,292,3,9.4
3311,275,3,7.1
3312,288,5,8.0
3313,327,2,8.0
3314,262,5,5.5
3315,317,5,5.4
3316,269,2,6.9
3317,326,4,5.6
3318,330,1,9.5
3319,267,4,6.8
3320,324,2,8.6
3321,263,1,7.0
3322,281,4,6.2
3323,330,1,6.0
3324,331,1,9.1
3325,309,5,5.4
3326,309,3,6.8
3327,266,3,5.0
3328,315,5,5.3
3329,305,4,9.9
3330,302,1,5.1
3331,331,3,7.0
3332,264,1,9.9
3333,281,1,8.0
3334,302,2,8.8
3335,308,5,7.8
3336,304,2,5.7
3337,328,4,8.4
3338,312,5,7.0
3339,312,5,7.5
3340,267,2,5.1
3341,285,5,7.3
3342,334,1,6.7
3343,282,2,6.3
3344,312,5,7.7
3345,288,3,7.3
3346,317,2,9.8
3347,322,2,5.8
3348,268,3,7.5
3349,281,4,6.4
3350,287,4,7.4
3351,333,1,6.0
3352,329,2,6.8
3353,316,2,5.7
3354,304,1,5.7
3355,298,4,7.6
3356,332,5,6.5
3357,281,5,6.8
3358,284,3,9.4
3359,295,1,8.4
3360,306,4,5.8
3361,339,5,7.0
3362,311,3,9.0
3363,286,5,9.0
3364,331,3,8.0
3365,301,2,5.2
3366,310,3,5.9
3367,292,5,5.7
3368,273,5,7.1
3369,290,5,7.3
3370,312,4,8.6
3371,312,4,8.6
3372,281,5,7.5
3373,284,5,9.1
3374,310,5,6.6
3375,322,2,6.8
3376,288,1,5.9
3377,275,5,9.7
3378,302,2,8.3
3379,319,1,9.1
3380,315,3,5.6
3381,279,3,9.6
3382,273,4,7.0
3383,299,3,5.6
3384,330,3,5.5
3385,338,3,6.7
3386,283,1,5.9
3387,325,1,5.9
3388,306,1,8.3
3389,264,2,7.1
3390,273,4,5.4
3391,339,2,7.3
3392,299,3,10.0
3393,269,4,8.9
3394,283,5,7.9
3395,294,3,5.9
3396,284,3,7.3
3397,279,5,9.9
3398,271,2,5.8
3399,336,5,5.3
3400,278,4,8.6
3401,318,1,5.9
3402,262,2,6.9
3403,269,1,7.2
3404,331,4,5.6
3405,336,5,7.4
3406,328,4,6.2
3407,265,4,8.5
3408,287,1,10.0
3409,305,5,9.0
3410,338,4,5.2
3411,277,4,6.7
3412,294,3,8.7
3413,334,4,9.3
3414,317,4,8.3
3415,323,1,5.5
3416,274,1,8.8
3417,280,1,6.9
3418,331,1,6.8
3419,330,1,7.4
3420,278,3,9.8
3421,272,5,8.0
3422,295,2,6.3
3423,330,2,5.1
3424,315,4,7.0
3425,335,3,9.5
3426,330,4,5.8
3427,323,3,9.9
3428,331,4,7.6
3429,307,3,7.2
3430,267,3,5.8
3431,282,1,5.2
3432,289,2,6.3
3433,306,4,9.5
3434,286,1,6.7
3435,290,3,5.8
3436,331,2,9.2
3437,336,5,5.5
3438,295,1,6.7
3439,277,3,6.7
3440,314,1,6.6
3441,281,4,6.2
3442,280,4,7.3
3443,296,2,7.3
3444,306,3,8.1
3445,319,4,6.7
3446,303,3,9.8
3447,330,1,9.1
3448,281,2,8.8
3449,260,4,7.3
3450,331,1,6.3
3451,307,3,7.5
3452,268,1,8.0
3453,304,4,6.8
3454,324,1,9.0
3455,303,5,7.8
3456,311,3,5.7
3457,330,5,8.9
3458,322,1,9.0
3459,301,4,6.0
3460,293,2,7.7
3461,270,2,6.4
3462,263,5,9.8
3463,316,2,9.7
3464,301,4,7.5
3465,311,3,6.8
3466,287,5,9.0
3467,307,5,5.6
3468,276,2,7.1
3469,320,5,7.4
3470,303,1,9.3
3471,285,2,8.4
3472,330,4,7.9
3473,269,2,8.8
3474,281,3,9.0
3475,304,5,5.5
3476,302,5,6.3
3477,338,1,5.4
3478,312,5,7.4
3479,264,2,5.6
3480,325,5,9.9
3481,324,3,7.0
3482,303,3,6.8
3483,327,3,8.6
3484,277,3,8.7
3485,279,2,7.3
3486,278,5,10.0
3487,303,3,10.0
3488,278,3,6.0
3489,299,2,8.8
3490,308,4,7.5
3491,291,1,5.1
3492,300,4,6.7
3493,318,2,9.2
3494,322,4,9.4
3495,302,5,9.9
3496,289,3,5.5
3497,328,5,6.4
3498,306,5,8.7
3499,282,2,5.4
3500,322,2,7.1
3501,331,3,9.5
3502,270,3,5.3
3503,337,4,7.2
3504,318,5,9.8
3505,297,5,7.0
3506,267,1,6.3
3507,336,4,8.2
3508,284,5,5.2
3509,319,5,7.0
3510,278,4,7.1
3511,299,5,6.7
3512,262,1,10.0
3513,266,4,8.5
3514,338,4,5.2
3515,305,5,7.5
3516,305,4,5.2
3517,277,3,8.8
3518,264,2,5.0
3519,334,1,8.5
3520,315,4,5.5
3521,321,2,7.7
3522,307,5,6.2
3523,308,5,8.3
3524,301,5,7.8
3525,270,3,5.4
3526,274,3,9.8
3527,320,4,9.7
3528,274,1,5.5
3529,263,5,5.2
3530,276,2,9.9
3531,314,4,9.9
3532,281,5,7.6
3533,324,5,7.2
3534,321,3,5.3
3535,313,2,9.8
3536,311,4,8.6
3537,293,2,5.3
3538,293,5,7.9
3539,307,3,9.9
3540,283,3,6.6
3541,316,1,9.2
3542,292,2,7.6
3543,295,1,8.0
3544,273,3,6.1
3545,320,1,8.2
3546,277,5,9.9
3547,268,2,5.8
3548,340,4,8.6
3549,330,4,8.4
3550,277,2,5.4
3551,293,1,6.9
3552,300,2,6.6
3553,337,4,5.9
3554,309,5,8.0
3555,312,1,9.4
3556,275,4,6.8
3557,301,2,9.3
3558,319,5,5.4
3559,286,2,6.8
3560,285,5,7.5
3561,286,5,8.5
3562,278,5,9.0
3563,270,3,5.8
3564,305,1,5.3
3565,293,4,5.9
3566,285,2,7.5
3567,326,5,9.0
3568,300,3,5.3
3569,304,3,9.4
3570,316,4,5.5
3571,263,1,7.3
3572,278,1,8.4
3573,338,3,8.3
3574,327,3,9.5
3575,323,3,6.3
3576,327,2,8.3
3577,335,4,9.7
3578,278,1,5.5
3579,312,4,6.2
3580,278,5,6.8
3581,285,2,6.6
3582,334,2,5.2
3583,269,3,8.9
3584,289,2,6.0
3585,261,2,8.9
3586,327,2,9.1
3587,279,1,8.8
3588,304,5,6.2
3589,313,1,5.1
3590,293,1,5.1
3591,262,1,5.5
3592,306,4,9.5
3593,269,4,5.6
3594,311,3,5.2
3595,339,4,6.3
3596,307,4,7.9
3597,284,4,5.2
3598,267,3,8.8
3599,331,1,6.5
3600,337,3,5.4
3601,329,1,7.0
3602,266,4,7.5
3603,305,5,5.3
3604,325,4,5.8
3605,321,4,5.4
3606,331,4,5.7
3607,301,5,7.3
3608,299,4,5.6
3609,329,4,5.6
3610,326,5,8.2
3611,314,4,6.8
3612,269,5,8.8
3613,301,5,9.1
3614,306,4,5.6
3615,286,1,7.4
3616,308,3,9.2
3617,309,5,8.0
3618,338,2,6.7
3619,303,3,5.6
3620,333,1,7.3
3621,332,2,5.5
3622,284,1,9.7
3623,336,2,8.9
3624,265,4,5.5
3625,297,1,7.3
3626,332,5,9.8
3627,330,2,8.9
3628,307,5,9.8
3629,312,5,5.3
3630,339,3,7.9
3631,327,3,9.7
3632,270,3,5.8
3633,329,5,6.4
3634,313,5,6.4
3635,300,1,9.1
3636,281,1,6.0
3637,282,1,9.4
3638,298,2,8.1
3639,290,3,5.8
3640,299,3,6.5
3641,331,2,5.7
3642,321,3,5.5
3643,335,1,7.9
3644,303,1,8.3
3645,265,4,7.3
3646,303,2,5.6
3647,281,5,9.0
3648,292,2,7.4
3649,294,3,7.5
3650,298,4,6.1
3651,289,4,9.1
3652,267,2,6.9
3653,294,3,8.4
3654,334,1,8.9
3655,308,3,9.8
3656,278,4,8.1
3657,313,3,7.5
3658,317,1,6.9
3659,336,5,8.4
3660,315,4,5.5
3661,277,3,5.3
3662,301,1,5.1
3663,327,1,7.6
3664,263,3,5.0
3665,270,4,5.1
3666,306,5,6.7
3667,280,1,7.0
3668,265,4,6.8
3669,311,2,6.7
3670,325,4,6.8
3671,338,2,9.5
3672,304,2,5.3
3673,336,3,7.9
3674,264,2,7.7
3675,320,1,7.5
3676,304,3,9.5
3677,308,1,9.2
3678,290,5,9.6
3679,314,3,9.3
3680,336,1,7.3
3681,271,5,7.1
3682,288,5,7.7
3683,272,3,9.2
3684,310,4,6.8
3685,310,4,7.5
3686,281,5,9.4
3687,337,5,7.2
3688,323,1,7.3
3689,296,4,5.2
3690,287,3,6.5
3691,316,3,7.5
3692,283,1,6.9
3693,322,5,7.6
3694,320,1,5.6
3695,320,5,6.6
3696,272,5,9.8
3697,276,5,7.5
3698,278,2,6.2
3699,275,2,6.8
3700,340,5,7.1
3701,296,1,6.8
3702,286,4,9.7
3703,279,5,7.2
3704,333,3,6.3
3705,291,1,7.3
3706,292,4,9.5
3707,297,1,6.9
3708,318,4,7.7
3709,297,2,8.3
3710,261,3,5.8
3711,339,3,8.4
3712,301,5,6.6
3713,330,2,9.8
3714,337,3,6.4
3715,331,2,6.0
3716,310,2,8.2
3717,323,1,8.2
3718,276,4,7.7
3719,287,2,7.5
3720,318,2,7.0
3721,312,2,8.3
3722,289,1,6.0
3723,320,4,5.1
3724,303,5,7.0
3725,280,4,8.7
3726,326,1,7.9
3727,312,3,8.8
3728,291,5,6.6
3729,288,4,9.1
3730,315,3,8.5
3731,285,1,8.4
3732,324,5,8.7
3733,339,2,6.4
3734,288,4,7.0
3735,286,1,8.1
3736,281,4,8.9
3737,339,4,6.3
3738,314,5,6.7
3739,296,1,7.3
3740,324,2,7.4
3741,304,1,9.0
3742,304,2,7.6
3743,290,4,7.7
3744,306,5,9.9
3745,323,4,7.7
3746,305,2,5.5
3747,278,1,5.2
3748,339,2,9.8
3749,337,4,9.7
3750,274,1,9.5
3751,287,3,5.1
3752,326,3,8.7
3753,335,2,8.0
3754,314,2,8.0
3755,281,3,8.0
3756,323,1,6.2
3757,300,1,7.9
3758,314,2,9.8
3759,320,1,7.6
3760,294,3,7.2
3761,299,3,10.0
3762,261,2,6.8
3763,261,2,5.7
3764,326,1,8.7
3765,273,1,9.8
3766,293,1,8.7
3767,295,5,9.2
3768,327,4,9.7
3769,329,4,8.3
3770,304,4,6.9
3771,326,1,9.8
3772,332,3,8.4
3773,280,2,7.3
3774,263,5,9.8
3775,288,2,9.1
3776,290,4,7.0
3777,329,5,7.7
3778,261,3,7.6
3779,316,2,9.7
3780,268,5,8.9
3781,288,5,9.8
3782,340,4,10.0
3783,265,2,7.0
3784,264,2,8.0
3785,334,1,7.3
3786,267,1,9.4
3787,289,2,5.6
3788,321,4,5.9
3789,292,2,8.9
3790,333,2,9.3
3791,286,1,8.4
3792,311,1,7.5
3793,335,3,8.0
3794,315,4,7.5
3795,332,1,7.4
3796,265,3,5.4
3797,315,2,6.1
3798,305,4,5.6
3799,339,4,5.8
3800,306,4,8.3
3801,309,4,6.6
3802,266,1,8.5
3803,308,2,6.2
3804,307,5,9.4
3805,276,4,7.1
3806,319,3,7.9
3807,333,5,9.4
3808,266,1,7.2
3809,274,5,5.9
3810,303,1,9.8
3811,328,3,10.0
3812,271,4,7.6
3813,302,2,6.0
3814,273,4,7.9
3815,300,3,9.7
3816,269,3,6.9
3817,321,5,5.6
3818,308,1,9.5
3819,280,4,9.6
3820,303,4,8.1
3821,282,1,5.4
3822,320,4,5.7
3823,320,4,6.2
3824,287,5,8.1
3825,265,4,6.4
3826,309,3,5.9
3827,312,5,7.0
3828,281,5,9.8
3829,290,4,7.2
3830,279,2,9.0
3831,262,5,9.6
3832,333,2,8.1
3833,300,2,7.1
3834,274,4,8.5
3835,290,4,6.4
3836,295,4,9.2
3837,340,3,8.4
3838,305,1,6.3
3839,338,2,7.7
3840,330,2,8.1
3841,286,1,8.5
3842,299,1,8.4
3843,302,3,5.6
3844,290,5,9.2
3845,332,5,6.8
3846,267,2,9.0
3847,298,5,6.2
3848,297,5,7.5
3849,265,5,7.1
3850,298,3,9.6
3851,263,2,7.9
3852,293,2,9.0
3853,321,5,7.8
3854,272,2,7.4
3855,269,5,8.2
3856,301,4,7.6
3857,291,2,5.9
3858,325,3,8.3
3859,336,5,8.3
3860,323,4,8.6
3861,284,3,9.1
3862,293,4,8.3
3863,330,2,6.9
3864,308,4,9.8
3865,283,1,5.5
3866,340,2,9.0
3867,289,4,8.3
3868,337,1,7.5
3869,275,3,7.7
3870,287,1,10.0
3871,324,5,9.6
3872,267,5,9.3
3873,289,5,7.5
3874,292,5,7.9
3875,262,3,5.4
3876,285,2,5.0
3877,315,5,10.0
3878,274,5,5.3
3879,330,1,7.1
3880,303,5,9.6
3881,281,5,9.0
3882,317,5,6.3
3883,335,2,7.6
3884,307,4,7.6
3885,265,2,8.2
3886,272,3,6.0
3887,331,3,8.4
3888,325,3,5.6
3889,322,4,5.3
3890,286,3,9.5
3891,270,4,6.6
3892,270,4,5.2
3893,300,3,9.8
3894,262,4,6.2
3895,325,1,6.9
3896,283,2,9.6
3897,284,4,6.9
3898,265,3,6.6
3899,308,2,9.0
3900,330,4,9.3
3901,306,1,8.7
3902,269,1,5.3
3903,274,3,5.8
3904,301,1,8.5
3905,339,3,8.2
3906,260,5,8.6
3907,319,1,8.4
3908,321,4,9.2
3909,324,5,7.6
3910,315,4,6.1
3911,281,5,5.1
3912,337,2,6.2
3913,277,3,5.0
3914,337,4,8.5
3915,273,1,8.0
3916,323,1,8.4
3917,323,2,6.2
3918,303,1,7.0
3919,322,2,8.3
3920,311,2,6.8
3921,323,5,7.6
3922,300,2,9.4
3923,287,3,6.5
3924,286,3,6.9
3925,283,5,6.5
3926,278,3,7.9
3927,286,3,9.4
3928,267,1,8.8
3929,302,5,8.3
3930,338,4,9.4
3931,327,1,8.1
3932,302,1,9.6
3933,294,5,9.7
3934,286,2,5.8
3935,295,3,6.3
3936,326,2,5.1
3937,335,2,7.4
3938,280,5,8.8
3939,268,4,5.0
3940,304,1,5.9
3941,305,2,7.2
3942,323,1,7.0
3943,268,2,7.4
3944,264,4,6.2
3945,309,5,5.3
3946,295,5,5.1
3947,324,2,7.5
3948,286,4,9.8
3949,326,5,8.0
3950,285,5,9.2
3951,271,1,9.0
3952,269,5,7.1
3953,293,1,9.1
3954,319,3,5.9
3955,273,5,9.8
3956,297,3,5.9
3957,302,5,6.9
3958,282,4,9.9
3959,338,3,9.0
3960,290,5,9.0
3961,263,4,5.5
3962,297,2,6.5
3963,329,1,7.9
3964,325,1,9.4
3965,283,1,8.3
3966,303,1,7.5
3967,322,4,5.8
3968,296,5,6.3
3969,267,2,8.8
3970,297,3,7.6
3971,320,4,5.6
3972,262,5,8.4
3973,280,4,5.1
3974,332,2,9.3
3975,328,3,7.2
3976,312,3,8.1
3977,329,2,9.9
3978,289,4,6.2
3979,333,5,6.3
3980,299,3,6.2
3981,296,3,8.9
3982,339,5,5.7
3983,330,3,7.9
3984,320,1,8.2
3985,289,5,9.1
3986,332,5,8.9
3987,293,1,8.4
3988,308,1,8.1
3989,318,2,5.0
3990,296,5,8.1
3991,306,5,6.3
3992,297,1,5.5
3993,311,4,7.9
3994,289,1,5.4
3995,330,2,9.0
3996,317,2,9.3
3997,317,5,8.3
3998,309,3,6.0
3999,265,2,8.7
4000,264,5,6.4
4001,324,3,7.4
4002,314,1,9.5
4003,283,1,8.5
4004,294,2,7.6
4005,273,2,9.6
4006,291,4,6.6
4007,291,5,7.2
4008,299,2,7.6
4009,320,2,7.0
4010,302,4,7.8
4011,281,1,6.6
4012,272,2,6.9
4013,303,3,6.9
4014,282,4,6.9
4015,264,5,9.6
4016,302,5,6.2
4017,332,5,8.8
4018,272,3,5.3
4019,333,3,6.1
4020,284,2,7.2
4021,261,3,7.6
4022,311,1,8.3
4023,262,2,5.3
4024,292,3,5.1
4025,285,4,6.0
4026,279,1,5.2
4027,292,3,6.1
4028,335,3,9.1
4029,307,2,5.7
4030,313,2,9.8
4031,335,3,6.1
4032,293,1,8.4
4033,299,2,6.7
4034,295,4,5.7
4035,286,5,7.2
4036,320,4,9.0
4037,326,5,7.1
4038,274,2,9.6
4039,299,1,5.3
4040,266,4,7.1
4041,272,4,9.5
4042,277,5,9.7
4043,294,5,7.4
4044,327,3,7.1
4045,317,1,5.5
4046,308,3,8.3
4047,301,4,7.0
4048,275,4,9.6
4049,313,5,5.4
4050,293,2,9.7
4051,302,1,6.3
4052,273,5,9.6
4053,317,4,5.4
4054,285,2,8.7
4055,310,5,9.3
4056,327,1,5.8
4057,320,5,7.4
4058,300,1,7.8
4059,336,2,6.0
4060,333,3,7.8
4061,299,3,7.5
4062,308,2,7.0
4063,308,2,5.2
4064,323,3,9.6
4065,327,1,8.1
4066,303,2,8.7
4067,311,4,6.7
4068,294,4,6.0
4069,302,3,9.5
4070,262,3,5.2
4071,267,1,6.3
4072,316,4,5.2
4073,328,2,5.7
4074,272,2,9.5
4075,265,4,6.2
4076,311,1,8.0
4077,326,1,8.6
4078,331,2,5.2
4079,290,1,7.6
4080,335,5,6.4
4081,319,4,6.0
4082,339,2,8.0
4083,303,3,7.1
4084,331,3,9.5
4085,261,4,6.3
4086,333,1,9.6
4087,323,5,5.8
4088,318,1,6.9
4089,268,2,8.7
4090,322,2,6.4
4091,288,4,9.1
4092,280,4,6.0
4093,263,5,9.2
4094,329,2,5.6
4095,276,5,9.8
4096,324,3,9.8
4097,331,5,5.0
4098,334,2,7.4
4099,269,2,9.2
4100,307,5,9.9
4101,292,4,5.9
4102,272,1,6.1
4103,297,3,9.5
4104,267,5,9.4
4105,299,5,7.5
4106,288,3,7.4
4107,270,1,9.3
4108,292,2,6.9
4109,304,2,5.8
4110,299,3,6.8
4111,276,4,9.7
4112,306,1,8.7
4113,323,1,7.5
4114,310,2,5.1
4115,269,5,8.7
4116,325,5,5.3
4117,321,2,8.7
4118,306,5,6.0
4119,299,5,6.4
4120,303,4,9.3
4121,327,2,7.3
4122,322,2,7.2
4123,334,5,5.9
4124,305,2,5.2
4125,306,1,7.7
4126,315,1,7.8
4127,285,5,8.5
4128,326,4,6.1
4129,260,4,7.4
4130,289,3,6.8
4131,297,3,8.3
4132,281,5,8.5
4133,283,5,8.9
4134,317,4,6.5
4135,329,2,7.5
4136,284,3,5.9
4137,336,3,7.8
4138,336,3,8.6
4139,309,1,9.1
4140,296,1,5.9
4141,327,1,7.9
4142,325,1,7.5
4143,331,1,6.1
4144,269,4,9.5
4145,280,1,7.5
4146,277,5,5.4
4147,294,2,6.3
4148,324,1,9.5
4149,310,4,6.0
4150,336,3,7.2
4151,287,5,5.0
4152,340,2,6.2
4153,278,3,6.0
4154,336,2,8.5
4155,317,1,5.1
4156,320,4,7.6
4157,292,5,9.9
4158,285,3,5.2
4159,261,3,6.7
4160,317,2,5.4
4161,334,1,9.4
4162,279,2,6.9
4163,328,1,6.4
4164,296,1,9.2
4165,291,5,9.5
4166,286,4,9.8
4167,316,2,6.4
4168,331,1,7.3
4169,300,3,7.6
4170,301,3,9.9
4171,280,5,7.8
4172,315,1,7.0
4173,329,4,7.1
4174,314,2,5.2
4175,273,4,5.9
4176,319,3,7.1
4177,304,4,9.8
4178,329,2,9.4
4179,328,5,6.7
4180,315,4,8.2
4181,266,2,6.1
4182,322,1,7.7
4183,274,2,9.4
4184,332,5,8.2
4185,321,1,8.8
4186,334,5,5.8
4187,265,4,6.4
4188,319,4,6.4
4189,340,3,8.2
4190,305,1,6.2
4191,283,1,5.4
4192,269,5,6.8
4193,315,2,8.5
4194,300,5,7.4
4195,335,5,6.0
4196,284,2,5.3
4197,313,1,8.5
4198,282,5,8.2
4199,303,4,7.2
4200,322,4,9.2
4201,328,4,7.5
4202,295,3,9.1
4203,324,1,8.1
4204,268,5,6.5
4205,328,1,8.0
4206,260,3,5.0
4207,319,1,7.3
4208,330,4,7.3
4209,330,4,5.4
4210,262,5,9.9
4211,319,3,5.7
4212,301,4,8.9
4213,286,2,8.1
4214,269,1,6.3
4215,299,5,9.4
4216,267,1,8.6
4217,287,2,7.4
4218,286,2,7.2
4219,263,1,5.1
4220,277,3,8.8
4221,319,4,6.5
4222,288,2,9.3
4223,263,1,6.3
4224,324,3,5.8
4225,295,2,5.8
4226,267,2,8.5
4227,337,4,6.4
4228,274,2,8.6
4229,302,1,8.7
4230,339,5,8.4
4231,290,1,6.3
4232,313,1,8.1
4233,266,4,9.9
4234,281,2,7.5
4235,288,2,8.7
4236,326,4,5.9
4237,334,3,7.1
4238,332,2,5.8
4239,334,2,7.4
4240,307,4,10.0
4241,333,2,9.7
4242,327,4,9.8
4243,265,1,8.4
4244,309,5,5.3
4245,268,3,9.0
4246,329,5,6.9
4247,293,2,8.8
4248,333,2,7.3
4249,297,1,7.0
4250,291,4,5.5
4251,338,1,6.2
4252,333,2,9.0
4253,267,5,9.8
4254,317,1,7.3
4255,260,1,6.3
4256,291,5,6.6
4257,292,2,5.6
4258,320,2,8.7
4259,315,4,5.9
4260,285,2,5.6
4261,295,4,5.5
4262,324,2,5.0
4263,322,1,6.0
4264,275,1,5.8
4265,300,5,8.3
4266,337,2,6.5
4267,312,3,9.8
4268,330,2,7.2
4269,302,3,9.9
4270,314,5,6.9
4271,264,5,9.6
4272,283,4,9.2
4273,324,3,9.6
4274,292,1,6.7
4275,298,2,5.3
4276,283,1,7.0
4277,301,3,6.2
4278,302,3,9.1
4279,317,1,8.0
4280,312,2,5.3
4281,334,4,5.1
4282,260,2,7.0
4283,266,1,6.9
4284,285,1,9.8
4285,335,1,8.0
4286,277,4,5.2
4287,280,1,8.2
4288,321,4,5.7
4289,304,2,7.0
4290,309,4,9.3
4291,315,2,5.2
4292,263,4,5.1
4293,319,5,8.6
4294,318,2,5.8
4295,330,4,6.4
4296,288,4,8.2
4297,337,3,7.0
4298,330,1,8.1
4299,315,2,5.3
4300,294,1,5.2
4301,290,2,5.7
4302,280,5,5.3
4303,321,4,9.2
4304,272,2,8.1
4305,327,3,5.1
4306,272,4,9.2
4307,304,1,9.2
4308,331,1,8.6
4309,302,1,8.0
4310,322,1,6.0
4311,304,4,6.9
4312,329,2,9.5
4313,270,5,7.4
4314,325,4,6.8
4315,281,5,9.5
4316,268,4,8.0
4317,278,3,6.2
4318,310,3,7.7
4319,285,1,9.7
4320,311,2,9.5
4321,290,3,5.1
4322,286,3,7.6
4323,277,2,9.1
4324,315,1,7.9
4325,338,3,5.7
4326,340,1,8.9
4327,270,2,7.7
4328,301,1,6.3
4329,308,4,5.8
4330,331,3,6.8
4331,278,4,5.2
4332,325,2,6.3
4333,330,3,9.1
4334,317,2,8.0
4335,270,5,8.1
4336,298,4,8.4
4337,304,2,8.9
4338,261,1,5.8
4339,299,4,9.6
4340,311,1,8.4
4341,262,4,9.2
4342,278,4,6.4
4343,308,4,7.2
4344,332,1,9.9
4345,335,2,5.2
4346,275,2,9.9
4347,282,3,6.1
4348,280,5,9.1
4349,334,2,8.5
4350,339,4,9.3
4351,313,1,5.3
4352,288,5,7.9
4353,324,3,9.1
4354,332,4,9.0
4355,318,4,6.5
4356,300,5,8.5
4357,337,3,7.4
4358,339,2,6.7
4359,336,2,8.5
4360,281,2,9.1
4361,300,2,6.6
4362,277,2,5.9
4363,285,4,9.1
4364,325,1,9.7
4365,286,2,7.3
4366,312,3,7.6
4367,323,3,9.1
4368,289,1,9.4
4369,276,4,6.3
4370,339,2,7.2
4371,291,3,7.5
4372,284,3,7.1
4373,266,2,5.6
4374,338,3,6.5
4375,320,4,6.6
4376,288,3,5.6
4377,324,3,7.6
4378,264,3,8.0
4379,330,4,5.3
4380,265,2,9.9
4381,284,5,7.8
4382,291,2,8.7
4383,320,5,8.8
4384,312,2,8.2
4385,278,4,6.7
4386,299,3,6.3
4387,264,2,5.2
4388,318,5,9.1
4389,295,3,6.5
4390,270,2,5.1
4391,296,1,5.6
4392,338,2,6.9
4393,284,2,6.2
4394,318,2,5.1
4395,328,3,6.2
4396,287,4,7.8
4397,295,5,7.9
4398,269,1,8.3
4399,334,2,8.3
4400,283,3,8.1
4401,294,2,9.3
4402,306,5,6.2
4403,317,5,8.7
4404,339,3,7.6
4405,276,5,7.5
4406,307,5,7.3
4407,338,5,8.3
4408,310,5,9.6
4409,331,1,8.5
4410,308,2,7.9
4411,338,2,6.6
4412,274,3,9.1
4413,271,1,5.4
4414,260,5,9.8
4415,265,5,8.4
4416,333,5,8.7
4417,338,5,8.2
4418,276,2,6.2
4419,339,5,6.1
4420,325,1,5.9
4421,267,3,5.1
4422,306,3,8.1
4423,305,3,8.9
4424,320,3,9.9
4425,275,3,5.2
4426,298,1,6.0
4427,317,3,8.9
4428,336,4,5.7
4429,264,4,9.3
4430,327,5,9.4
4431,275,5,7.1
4432,285,5,6.5
4433,278,1,8.9
4434,293,1,7.8
4435,264,3,8.5
4436,304,2,5.0
4437,304,2,9.1
4438,314,1,6.1
4439,336,1,7.7
4440,289,2,5.9
4441,332,2,6.3
4442,332,5,8.4
4443,282,4,5.9
4444,324,4,7.5
4445,334,4,9.4
4446,338,5,9.0
4447,290,5,5.1
4448,260,3,6.0
4449,295,4,6.6
4450,331,3,5.5
4451,338,1,5.7
4452,284,3,5.8
4453,295,1,6.6
4454,314,5,5.4
4455,314,5,5.7
4456,321,4,7.9
4457,329,5,8.5
4458,278,4,7.6
4459,288,3,9.6
4460,265,4,9.4
4461,274,5,9.8
4462,295,2,6.6
4463,328,1,7.6
4464,307,2,7.1
4465,325,1,5.1
4466,262,1,7.8
4467,338,3,6.4
4468,321,4,7.8
4469,304,1,7.6
4470,321,4,8.6
4471,328,4,8.9
4472,292,1,6.4
4473,269,3,5.6
4474,340,2,9.4
4475,333,1,9.8
4476,308,5,9.1
4477,324,2,5.9
4478,307,5,7.8
4479,274,1,8.7
4480,269,2,7.0
4481,280,5,7.3
4482,269,3,8.8
4483,331,1,5.4
4484,318,4,5.9
4485,299,3,7.1
4486,299,3,7.8
4487,332,3,8.6
4488,313,4,7.9
4489,279,2,6.5
4490,266,5,9.6
4491,267,4,7.0
4492,306,1,9.0
4493,329,5,6.8
4494,268,1,6.6
4495,284,4,5.8
4496,309,3,9.5
4497,333,1,8.6
4498,286,1,5.9
4499,331,1,7.8
4500,275,3,6.3
4501,331,1,7.3
4502,271,5,5.1
4503,300,2,5.5
4504,260,5,7.2
4505,307,5,8.5
4506,328,5,6.3
4507,292,5,5.6
4508,315,1,5.9
4509,289,1,5.1
4510,322,4,6.6
4511,301,3,8.0
4512,295,1,7.4
4513,332,5,9.3
4514,315,5,7.2
4515,334,5,8.9
4516,287,1,5.3
4517,299,1,8.7
4518,266,3,10.0
4519,333,2,7.4
4520,287,3,6.2
4521,296,5,5.8
4522,263,4,7.8
4523,269,2,9.2
4524,325,5,7.2
4525,282,1,5.1
4526,324,2,9.9
4527,289,1,7.0
4528,309,3,5.8
4529,332,3,8.8
4530,263,3,9.4
4531,314,4,8.7
4532,318,2,5.2
4533,270,4,6.4
4534,295,1,6.5
4535,273,2,7.3
4536,281,3,7.5
4537,278,4,5.5
4538,330,4,5.3
4539,266,1,6.3
4540,284,3,7.2
4541,296,3,9.0
4542,336,1,8.2
4543,311,3,5.3
4544,297,5,9.8
4545,274,4,8.7
4546,278,5,9.6
4547,286,4,6.8
4548,303,2,9.0
4549,333,3,6.3
4550,283,5,7.0
4551,339,4,7.7
4552,315,5,8.3
4553,308,5,7.5
4554,295,4,8.2
4555,304,4,5.2
4556,291,3,5.3
4557,283,3,6.5
4558,283,5,6.3
4559,295,5,7.4
4560,322,4,6.8
4561,305,3,5.6
4562,334,4,6.0
4563,307,3,8.0
4564,284,3,9.2
4565,313,4,7.3
4566,308,4,6.2
4567,332,2,9.8
4568,337,3,8.4
4569,294,1,9.4
4570,322,4,7.5
4571,300,1,9.5
4572,328,5,5.5
4573,284,2,8.5
4574,300,3,6.1
4575,265,5,7.9
4576,337,3,7.4
4577,325,2,7.4
4578,272,2,7.3
4579,266,3,8.2
4580,335,2,6.4
4581,276,2,5.2
4582,269,4,6.2
4583,287,2,8.9
4584,301,1,8.2
4585,280,2,6.6
4586,294,2,5.7
4587,315,1,5.2
4588,266,4,6.3
4589,307,1,8.6
4590,271,3,9.6
4591,277,2,9.8
4592,339,3,6.1
4593,278,5,7.8
4594,281,3,9.6
4595,260,2,8.8
4596,278,2,8.8
4597,301,5,8.6
4598,316,5,8.2
4599,286,3,5.3
4600,299,2,9.0
4601,306,3,5.1
4602,304,1,8.9
4603,294,3,5.0
4604,270,3,9.3
4605,311,5,6.9
4606,275,2,6.9
4607,311,5,8.6
4608,285,4,5.8
4609,278,5,5.8
4610,317,1,9.4
4611,337,3,8.2
4612,329,4,8.2
4613,311,2,8.6
4614,293,1,7.2
4615,304,5,8.7
4616,329,3,5.5
4617,328,1,9.3
4618,311,4,9.7
4619,288,5,8.0
4620,277,2,6.5
4621,306,2,7.4
4622,311,5,7.5
4623,314,4,5.1
4624,324,2,9.6
4625,332,2,9.5
4626,324,3,6.1
4627,304,4,6.2
4628,261,1,5.2
4629,340,4,5.4
4630,288,2,7.5
4631,331,4,9.7
4632,290,5,6.3
4633,318,1,6.5
4634,313,1,7.6
4635,317,1,9.1
4636,316,4,9.3
4637,337,2,8.2
4638,303,3,8.2
4639,320,5,8.8
4640,274,1,9.4
4641,328,5,6.6
4642,313,3,7.2
4643,266,4,8.5
4644,330,5,6.4
4645,338,5,5.8
4646,286,5,9.4
4647,338,4,6.9
4648,290,2,10.0
4649,328,4,7.5
4650,301,5,5.1
4651,286,4,5.2
4652,264,1,7.1
4653,292,4,7.9
4654,339,5,7.4
4655,338,5,6.4
4656,317,3,8.7
4657,278,2,8.9
4658,325,3,6.0
4659,302,1,7.0
4660,273,5,7.1
4661,321,1,7.1
4662,337,4,6.4
4663,329,1,9.3
4664,262,2,7.1
4665,328,2,8.2
4666,319,5,5.6
4667,310,5,5.0
4668,261,4,5.7
4669,332,1,6.6
4670,306,1,6.0
4671,270,1,8.5
4672,289,2,9.7
4673,336,2,6.2
4674,319,3,8.4
4675,328,4,8.1
4676,278,1,8.2
4677,340,2,5.2
4678,321,5,6.0
4679,315,2,8.0
4680,322,3,8.1
4681,302,4,9.5
4682,330,3,5.2
4683,318,5,9.0
4684,304,4,8.8
4685,269,1,9.1
4686,283,2,7.3
4687,331,5,9.2
4688,327,3,5.2
4689,326,3,5.2
4690,327,4,8.2
4691,270,5,9.1
4692,323,3,9.4
4693,273,1,9.3
4694,291,1,9.2
4695,336,2,8.9
4696,287,1,8.8
4697,310,4,8.0
4698,328,2,7.6
4699,294,1,7.7
4700,309,3,8.3
4701,340,2,8.1
4702,330,2,9.9
4703,283,2,9.7
4704,298,5,5.1
4705,318,3,5.4
4706,273,5,9.6
4707,273,3,7.7
4708,323,1,5.8
4709,340,4,8.2
4710,279,4,5.7
4711,268,3,8.2
4712,290,1,8.5
4713,268,2,8.6
4714,277,5,7.2
4715,299,3,6.4
4716,285,3,7.5
4717,336,2,5.1
4718,338,3,7.4
4719,298,1,7.5
4720,340,1,9.6
4721,318,4,9.6
4722,268,1,6.7
4723,273,4,5.2
4724,312,2,5.0
4725,312,5,8.4
4726,292,1,7.1
4727,312,2,8.3
4728,317,5,8.7
4729,279,1,7.5
4730,305,2,9.9
4731,275,2,8.4
4732,277,1,7.5
4733,261,2,7.9
4734,319,3,9.0
4735,332,1,6.6
4736,272,1,7.3
4737,274,2,7.7
4738,285,1,8.9
4739,295,2,5.5
4740,276,1,7.6
4741,318,2,5.0
4742,333,4,8.1
4743,321,1,5.6
4744,325,1,8.3
4745,297,1,9.0
4746,322,2,7.9
4747,320,3,6.8
4748,332,4,6.8
4749,268,3,8.5
4750,297,5,10.0
4751,305,2,8.0
4752,330,5,8.2
4753,294,3,6.5
4754,267,3,5.6
4755,328,2,8.1
4756,266,2,8.1
4757,286,3,6.8
4758,339,5,7.6
4759,318,3,7.9
4760,297,1,7.6
4761,286,4,5.2
4762,280,3,9.3
4763,270,2,6.2
4764,300,1,5.5
4765,278,2,5.2
4766,296,4,7.1
4767,337,3,8.7
4768,277,2,8.5
4769,264,5,9.8
4770,294,4,9.0
4771,289,4,8.5
4772,273,4,8.1
4773,308,5,9.6
4774,309,4,7.5
4775,295,3,8.7
4776,324,1,5.8
4777,274,2,7.5
4778,307,1,7.4
4779,276,4,5.5
4780,333,5,5.2
4781,310,4,10.0
4782,271,1,5.8
4783,319,1,9.2
4784,274,2,9.0
4785,332,3,8.6
4786,322,1,7.6
4787,279,3,6.0
4788,291,3,7.9
4789,291,2,8.5
4790,318,5,5.7
4791,318,2,7.7
4792,340,5,6.1
4793,325,5,8.6
4794,262,1,6.4
4795,272,2,5.5
4796,291,1,7.0
4797,327,5,7.6
4798,335,2,5.3
4799,340,2,5.7
4800,327,5,6.1
4801,339,1,7.7
4802,267,5,9.8
4803,276,4,9.7
4804,274,4,9.2
4805,320,1,9.1
4806,279,5,8.2
4807,268,1,9.4
4808,260,4,5.4
4809,324,3,5.3
4810,293,3,6.2
4811,334,4,7.6
4812,293,2,8.1
4813,310,5,8.7
4814,277,4,7.3
4815,287,4,8.6
4816,281,2,7.8
4817,282,1,7.2
4818,311,4,6.0
4819,316,3,7.1
4820,271,1,7.8
4821,335,4,6.1
4822,304,5,7.2
4823,337,1,8.7
4824,267,4,8.7
4825,339,3,10.0
4826,331,3,6.2
4827,288,3,6.2
4828,294,1,6.8
4829,313,3,7.3
4830,303,2,8.1
4831,279,1,8.4
4832,296,4,5.6
4833,276,5,6.0
4834,316,3,7.1
4835,283,2,9.5
4836,319,1,6.1
4837,274,3,8.4
4838,328,2,9.7
4839,275,1,7.4
4840,304,1,6.8
4841,315,5,9.2
4842,265,4,9.9
4843,327,2,5.3
4844,325,3,5.3
4845,321,4,9.6
4846,300,4,9.4
4847,312,3,5.7
4848,292,2,7.8
4849,304,4,5.8
4850,324,3,8.2
4851,325,1,8.5
4852,334,5,8.4
4853,297,5,6.9
4854,315,1,8.4
4855,268,2,7.5
4856,296,5,7.0
4857,309,5,5.7
4858,275,2,7.4
4859,337,3,10.0
4860,314,2,7.0
4861,278,4,5.5
4862,330,3,8.3
4863,265,2,8.3
4864,303,5,9.2
4865,277,2,5.3
4866,281,3,7.7
4867,297,5,8.1
4868,298,3,5.0
4869,335,2,7.1
4870,334,5,9.3
4871,315,1,5.5
4872,339,4,5.5
4873,327,2,9.9
4874,307,1,6.3
4875,315,1,8.6
4876,298,3,9.3
4877,318,4,5.8
4878,294,4,7.9
4879,296,2,9.5
4880,271,5,7.1
4881,305,5,6.4
4882,270,2,9.3
4883,277,5,8.1
4884,283,2,8.3
4885,266,4,7.9
4886,311,1,7.0
4887,336,2,5.1
4888,330,1,6.2
4889,272,4,6.1
4890,297,4,9.2
4891,332,2,5.2
4892,281,3,9.6
4893,300,2,5.5
4894,262,3,8.9
4895,318,4,7.4
4896,339,4,5.0
4897,277,5,7.2
4898,261,3,8.1
4899,283,2,5.4
4900,283,5,7.9
4901,298,5,6.5
4902,266,1,8.9
4903,307,1,5.8
4904,263,1,5.9
4905,302,3,6.5
4906,322,3,8.3
4907,321,3,6.3
4908,329,2,5.5
4909,275,4,5.6
4910,298,2,7.5
4911,278,1,5.4
4912,284,3,8.7
4913,314,1,5.0
4914,312,2,9.6
4915,317,3,6.2
4916,272,4,7.9
4917,339,5,6.8
4918,282,3,5.3
4919,298,3,7.4
4920,304,1,9.2
4921,340,5,6.0
4922,329,5,8.8
4923,268,5,8.6
4924,262,5,7.4
4925,297,4,9.9
4926,321,1,9.1
4927,266,2,8.8
4928,287,4,6.0
4929,266,1,6.1
4930,270,5,5.2
4931,337,4,7.8
4932,291,5,6.9
4933,278,1,9.9
4934,262,3,5.0
4935,267,1,7.6
4936,335,2,9.5
4937,336,5,5.2
4938,306,1,7.3
4939,324,5,6.4
4940,301,2,8.1
4941,335,5,5.7
4942,294,4,9.1
4943,322,3,7.2
4944,325,1,6.9
4945,284,3,7.7
4946,318,3,7.5
4947,288,1,7.7
4948,314,4,5.4
4949,331,4,9.1
4950,266,1,8.8
4951,310,5,5.7
4952,315,5,7.7
4953,264,3,7.3
4954,314,5,9.4
4955,300,5,5.6
4956,302,1,7.2
4957,302,1,5.9
4958,305,2,9.7
4959,281,1,9.6
4960,304,3,7.6
4961,334,2,6.3
4962,260,1,6.3
4963,304,3,8.1
4964,293,3,9.7
4965,314,4,6.0
4966,273,5,9.7
4967,316,5,8.2
4968,311,3,9.1
4969,277,3,9.0
4970,307,2,7.9
4971,280,4,5.5
4972,320,4,8.0
4973,336,3,9.6
4974,276,2,7.6
4975,263,4,6.2
4976,339,4,5.8
4977,269,4,8.5
4978,284,5,9.5
4979,277,2,7.6
4980,321,4,9.4
4981,290,3,8.4
4982,339,3,9.5
4983,261,5,9.4
4984,300,1,7.2
4985,322,4,7.0
4986,315,3,8.6
4987,261,4,5.1
4988,275,2,9.5
4989,310,2,9.8
4990,295,1,8.9
4991,329,2,5.6
4992,277,1,7.9
4993,294,3,6.2
4994,302,4,8.9
4995,304,5,5.0
4996,328,3,9.7
4997,302,1,10.0
4998,297,1,7.6
4999,318,4,9.8
5000,300,4,5.3